DateTime,total_balance
2010/3/31,6590646
2010/4/1,13746070
2010/4/2,13212940
2010/4/6,14537657
2010/4/7,36650247
2010/4/8,44767672
2010/4/9,70515197
2010/4/12,113892203
2010/4/13,120432198
2010/4/14,121137803
2010/4/15,151448464
2010/4/16,179656224
2010/4/19,188278275
2010/4/20,194380409
2010/4/21,206098427
2010/4/22,259268519
2010/4/23,264060444
2010/4/26,304080315
2010/4/27,324428034
2010/4/28,357841334
2010/4/29,372577649
2010/4/30,384819689
2010/5/4,399746691
2010/5/5,481797938
2010/5/6,534618679
2010/5/7,532759356
2010/5/10,561841895
2010/5/11,596670590
2010/5/12,623808929
2010/5/13,642905219
2010/5/14,671905777
2010/5/17,737611099
2010/5/18,755388103
2010/5/19,773206132
2010/5/20,803989919
2010/5/21,832713879
2010/5/24,929620140
2010/5/25,955264706
2010/5/26,947547826
2010/5/27,991098640
2010/5/28,1028200032
2010/5/31,1042323138
2010/6/1,1067421437
2010/6/2,1086608316
2010/6/3,1136676742
2010/6/4,1151981451
2010/6/7,1146328493
2010/6/8,1144467374
2010/6/9,1247376485
2010/6/10,1254263861
2010/6/11,1252027440
2010/6/17,1276191483
2010/6/18,1308912538
2010/6/21,1361060764
2010/6/22,1403347823
2010/6/23,1403797146
2010/6/24,1444651067
2010/6/25,1444468599
2010/6/28,1491119187
2010/6/29,1474535516
2010/6/30,1497974455
2010/7/1,1484461043
2010/7/2,1512393488
2010/7/5,1612202373
2010/7/6,1673131846
2010/7/7,1711995627
2010/7/8,1754771555
2010/7/9,1820839700
2010/7/12,1925463160
2010/7/13,2021931635
2010/7/14,2004506379
2010/7/15,2034374155
2010/7/16,2074280370
2010/7/19,2060258554
2010/7/20,2232538346
2010/7/21,2271811687
2010/7/22,2314637100
2010/7/23,2362390651
2010/7/26,2418220750
2010/7/27,2467745940
2010/7/28,2478146064
2010/7/29,2483057883
2010/7/30,2530558755
2010/8/2,2646434566
2010/8/3,2718079754
2010/8/4,2798891579
2010/8/5,2885089164
2010/8/6,2908419737
2010/8/9,2939471027
2010/8/10,2949493101
2010/8/11,3019174683
2010/8/12,2981619374
2010/8/13,3031602811
2010/8/16,3152472385
2010/8/17,3201271626
2010/8/18,3267528876
2010/8/19,3346439381
2010/8/20,3355448123
2010/8/23,3405393065
2010/8/24,3568455303
2010/8/25,3579430475
2010/8/26,3571488791
2010/8/27,3635760008
2010/8/30,3691496312
2010/8/31,3781315312
2010/9/1,3861368972
2010/9/2,3897071855
2010/9/3,3841397793
2010/9/6,3923693339
2010/9/7,3923112524
2010/9/8,4112667939
2010/9/9,4197165161
2010/9/10,4252667045
2010/9/13,4357515477
2010/9/14,4378500425
2010/9/15,4364937187
2010/9/16,4413706007
2010/9/17,4448713171
2010/9/20,4509802828
2010/9/21,4464113751
2010/9/27,4589146593
2010/9/28,4618907180
2010/9/29,4654919852
2010/9/30,4702004767
2010/10/8,4795560335
2010/10/11,4756439405
2010/10/12,4856489294
2010/10/13,5012102737
2010/10/14,5019306903
2010/10/15,5178840353
2010/10/18,5205509925
2010/10/19,5423650360
2010/10/20,5725540649
2010/10/21,5871298515
2010/10/22,6060135282
2010/10/25,6398020679
2010/10/26,6554305206
2010/10/27,6784739631
2010/10/28,6922423223
2010/10/29,6974215488
2010/11/1,7220925832
2010/11/2,7214148914
2010/11/3,7367930060
2010/11/4,7596718005
2010/11/5,7801355153
2010/11/8,8197464503
2010/11/9,8459422492
2010/11/10,8785693126
2010/11/11,9061417692
2010/11/12,8720790863
2010/11/15,9050597348
2010/11/16,8969388826
2010/11/17,9066402283
2010/11/18,9055625522
2010/11/19,8849443397
2010/11/22,9063909039
2010/11/23,9066464088
2010/11/24,9238041317
2010/11/25,9459730366
2010/11/26,9401706984
2010/11/29,9436652176
2010/11/30,9410403539
2010/12/1,9453301022
2010/12/2,9562314208
2010/12/3,9665775732
2010/12/6,9778260122
2010/12/7,9889548693
2010/12/8,9961748634
2010/12/9,10215093478
2010/12/10,10417782544
2010/12/13,11090229212
2010/12/14,11272179309
2010/12/15,11429234954
2010/12/16,11555965878
2010/12/17,11532133348
2010/12/20,11480416988
2010/12/21,11590364277
2010/12/22,11893725380
2010/12/23,11962376602
2010/12/24,12061342825
2010/12/27,12224564802
2010/12/28,12219621111
2010/12/29,12393643372
2010/12/30,12530159102
2010/12/31,12771594835
2011/1/4,12857100572
2011/1/5,13059608213
2011/1/6,13227803767
2011/1/7,13187673224
2011/1/10,13283076627
2011/1/11,13217745929
2011/1/12,13303911759
2011/1/13,13367183665
2011/1/14,13429515573
2011/1/17,13466549746
2011/1/18,13695709776
2011/1/19,13845858432
2011/1/20,13831438039
2011/1/21,13843877943
2011/1/24,13893313596
2011/1/25,13982724942
2011/1/26,14178325338
2011/1/27,14220948262
2011/1/28,14265549693
2011/1/31,14414236392
2011/2/1,14258501962
2011/2/9,14509249179
2011/2/10,14748946720
2011/2/11,14825191617
2011/2/14,14797017067
2011/2/15,14745629964
2011/2/16,15090844286
2011/2/17,15324873345
2011/2/18,15543943153
2011/2/21,15823284059
2011/2/22,15953373394
2011/2/23,16157137935
2011/2/24,16417853538
2011/2/25,16454025908
2011/2/28,16590564609
2011/3/1,16710387791
2011/3/2,16918146804
2011/3/3,16861686655
2011/3/4,17085326670
2011/3/7,17599591685
2011/3/8,17854410914
2011/3/9,18104496064
2011/3/10,18360576619
2011/3/11,18624195553
2011/3/14,18960780517
2011/3/15,19088765735
2011/3/16,19061525338
2011/3/17,18965647238
2011/3/18,19138452721
2011/3/21,19235623529
2011/3/22,19519139608
2011/3/23,19658763329
2011/3/24,19856392013
2011/3/25,19924748648
2011/3/28,20077224957
2011/3/29,20395428429
2011/3/30,20589887655
2011/3/31,20908057463
2011/4/1,20950444282
2011/4/6,20961352346
2011/4/7,21300819615
2011/4/8,21457104674
2011/4/11,22025972796
2011/4/12,22619315321
2011/4/13,23034845990
2011/4/14,23178693482
2011/4/15,23384618182
2011/4/18,23641217353
2011/4/19,23589518602
2011/4/20,23966860856
2011/4/21,24233945489
2011/4/22,24315744458
2011/4/25,24278818213
2011/4/26,24235805660
2011/4/27,24252064508
2011/4/28,24128102643
2011/4/29,24114611883
2011/5/3,24069053325
2011/5/4,24005275142
2011/5/5,23929068284
2011/5/6,23813570460
2011/5/9,23944722015
2011/5/10,24151347631
2011/5/11,24155860582
2011/5/12,24267093588
2011/5/13,24510204633
2011/5/16,24590896060
2011/5/17,24906420558
2011/5/18,25152927788
2011/5/19,25205458479
2011/5/20,25331381923
2011/5/23,25211267230
2011/5/24,25373636433
2011/5/25,25504724681
2011/5/26,25578252893
2011/5/27,25408468804
2011/5/30,25451882799
2011/5/31,25762772833
2011/6/1,25875250853
2011/6/2,26076562297
2011/6/3,26064477332
2011/6/7,26043448523
2011/6/8,26087231463
2011/6/9,26124873816
2011/6/10,26272525701
2011/6/13,26133196408
2011/6/14,26077679498
2011/6/15,26249236662
2011/6/16,26408077588
2011/6/17,25703161352
2011/6/20,26004349534
2011/6/21,26157738403
2011/6/22,26216724759
2011/6/23,26210716006
2011/6/24,26121800329
2011/6/27,26432007134
2011/6/28,26761675043
2011/6/29,26971098383
2011/6/30,27399016909
2011/7/1,27791132405
2011/7/4,27957910336
2011/7/5,28181423109
2011/7/6,28904262975
2011/7/7,29069539523
2011/7/8,29099962786
2011/7/11,29362560589
2011/7/12,29499196748
2011/7/13,29878816308
2011/7/14,30007282835
2011/7/15,30245171463
2011/7/18,30659151093
2011/7/19,30893018846
2011/7/20,31151077629
2011/7/21,31255636635
2011/7/22,31371882337
2011/7/25,31735068921
2011/7/26,31965146619
2011/7/27,32258386499
2011/7/28,32255597690
2011/7/29,32156492187
2011/8/1,32467959945
2011/8/2,32678355227
2011/8/3,32861049632
2011/8/4,32714334970
2011/8/5,32726683166
2011/8/8,32709328883
2011/8/9,32753190853
2011/8/10,32764126044
2011/8/11,32777000152
2011/8/12,32695032286
2011/8/15,32896014111
2011/8/16,33023175786
2011/8/17,33177986409
2011/8/18,33228619932
2011/8/19,33147077080
2011/8/22,33280423543
2011/8/23,33441364276
2011/8/24,33437060306
2011/8/25,33217344605
2011/8/26,33418344072
2011/8/29,33913217098
2011/8/30,34223515838
2011/8/31,34356602758
2011/9/1,34317560192
2011/9/2,34359879926
2011/9/5,34482406216
2011/9/6,34541241510
2011/9/7,34577430170
2011/9/8,34640576596
2011/9/9,34472002839
2011/9/13,34578533057
2011/9/14,34543788702
2011/9/15,34405166951
2011/9/16,34397657831
2011/9/19,34486495012
2011/9/20,34578780541
2011/9/21,34582243459
2011/9/22,34841315443
2011/9/23,34745830225
2011/9/26,34598044159
2011/9/27,34799701905
2011/9/28,34554948544
2011/9/29,34263769301
2011/9/30,33591160699
2011/10/10,33495070418
2011/10/11,33489936643
2011/10/12,33644788485
2011/10/13,33813386052
2011/10/14,33642233523
2011/10/17,33656776451
2011/10/18,33571156512
2011/10/19,33655438647
2011/10/20,33647732436
2011/10/21,33410231783
2011/10/24,33237559130
2011/10/25,33258172393
2011/10/26,33259699817
2011/10/27,33453225431
2011/10/28,33238961547
2011/10/31,33566969261
2011/11/1,33851968321
2011/11/2,34281560815
2011/11/3,34726411091
2011/11/4,34841551950
2011/11/7,35214965413
2011/11/8,35469232158
2011/11/9,35908803415
2011/11/10,36212352607
2011/11/11,36192971747
2011/11/14,36551204439
2011/11/15,36846757810
2011/11/16,37186325004
2011/11/17,37343173436
2011/11/18,37321956586
2011/11/21,37510434428
2011/11/22,37587389890
2011/11/23,37570283639
2011/11/24,37688922279
2011/11/25,37656719464
2011/11/28,37671946320
2011/11/29,37708632906
2011/11/30,37653964756
2011/12/1,37596606006
2011/12/2,37593265037
2011/12/5,37583718043
2011/12/6,37596895288
2011/12/7,37707590682
2011/12/8,37859175850
2011/12/9,37816735029
2011/12/12,37854408627
2011/12/13,37867375106
2011/12/14,37911272895
2011/12/15,37730919567
2011/12/16,37945684710
2011/12/19,38259190477
2011/12/20,38419943243
2011/12/21,38369751171
2011/12/22,38320496006
2011/12/23,38126549716
2011/12/26,38237192574
2011/12/27,38308789971
2011/12/28,38360402007
2011/12/29,38430612590
2011/12/30,38206864281
2012/1/4,38178807334
2012/1/5,37823727919
2012/1/6,37846734790
2012/1/9,37594452899
2012/1/10,37463367429
2012/1/11,37491516925
2012/1/12,37373289721
2012/1/13,37056657902
2012/1/16,36986243537
2012/1/17,36889449788
2012/1/18,36846710263
2012/1/19,36167489618
2012/1/20,34503405509
2012/1/30,35358958936
2012/1/31,35795921837
2012/2/1,36125191769
2012/2/2,36335786713
2012/2/3,36325017794
2012/2/6,36787131086
2012/2/7,37328282822
2012/2/8,37356071572
2012/2/9,37279495339
2012/2/10,37201638479
2012/2/13,37727022207
2012/2/14,38017936036
2012/2/15,38393508306
2012/2/16,38776629408
2012/2/17,38734154224
2012/2/20,39101158633
2012/2/21,39299922825
2012/2/22,39567638675
2012/2/23,39827476308
2012/2/24,39729147434
2012/2/27,40178789064
2012/2/28,40520411944
2012/2/29,40794735739
2012/3/1,41380754242
2012/3/2,41903902448
2012/3/5,42573843116
2012/3/6,42992925578
2012/3/7,43418690373
2012/3/8,43809459229
2012/3/9,44017868070
2012/3/12,44874713919
2012/3/13,45301942795
2012/3/14,45705002372
2012/3/15,45822341711
2012/3/16,45813589016
2012/3/19,46588583808
2012/3/20,46896319588
2012/3/21,47280335939
2012/3/22,47446278291
2012/3/23,47400348727
2012/3/26,47472068402
2012/3/27,47782368903
2012/3/28,47806031268
2012/3/29,47528667963
2012/3/30,46750226721
2012/4/5,47257311382
2012/4/6,47536667438
2012/4/9,47602795577
2012/4/10,47509949350
2012/4/11,47945593089
2012/4/12,47992848999
2012/4/13,47638715406
2012/4/16,48025815607
2012/4/17,48178221552
2012/4/18,48311845561
2012/4/19,48387469287
2012/4/20,48378763258
2012/4/23,48703994687
2012/4/24,48743563730
2012/4/25,48924258906
2012/4/26,48934520347
2012/4/27,48526783147
2012/5/2,48955300225
2012/5/3,49623966589
2012/5/4,49638749110
2012/5/7,50276988493
2012/5/8,50863628300
2012/5/9,51487724755
2012/5/10,52149822075
2012/5/11,52289558268
2012/5/14,52961089177
2012/5/15,53523325365
2012/5/16,54216980119
2012/5/17,54478182012
2012/5/18,54360208475
2012/5/21,54835002129
2012/5/22,55016918341
2012/5/23,55230304765
2012/5/24,55862390381
2012/5/25,55784048218
2012/5/28,55865532085
2012/5/29,55926201176
2012/5/30,56411103067
2012/5/31,57046001992
2012/6/1,57020614725
2012/6/4,57826764236
2012/6/5,58153625995
2012/6/6,58487326982
2012/6/7,58641130949
2012/6/8,58509839364
2012/6/11,58857604224
2012/6/12,59143420055
2012/6/13,59497683368
2012/6/14,59558998360
2012/6/15,59502555214
2012/6/18,60120557155
2012/6/19,60309228465
2012/6/20,60368772992
2012/6/21,60562495039
2012/6/25,60753496708
2012/6/26,60910199414
2012/6/27,61155797818
2012/6/28,61220911685
2012/6/29,61033529478
2012/7/2,61601137646
2012/7/3,61910496949
2012/7/4,62154946902
2012/7/5,62102249612
2012/7/6,62247511250
2012/7/9,62675118090
2012/7/10,62989246390
2012/7/11,63210591822
2012/7/12,63460203963
2012/7/13,63563854260
2012/7/16,63600859100
2012/7/17,63574431539
2012/7/18,63851054390
2012/7/19,63798634504
2012/7/20,63930813735
2012/7/23,64245679790
2012/7/24,64473745465
2012/7/25,64372459600
2012/7/26,64463957124
2012/7/27,64230256272
2012/7/30,64290470588
2012/7/31,64139886772
2012/8/1,64328065541
2012/8/2,64529364383
2012/8/3,64511346357
2012/8/6,64912175420
2012/8/7,65371595201
2012/8/8,65446524621
2012/8/9,65855690977
2012/8/10,65615178546
2012/8/13,65941717380
2012/8/14,66173378702
2012/8/15,66408579103
2012/8/16,66466722812
2012/8/17,66581937883
2012/8/20,66931234823
2012/8/21,67363327722
2012/8/22,67599194485
2012/8/23,67851732364
2012/8/24,67583380176
2012/8/27,67329644057
2012/8/28,67618356973
2012/8/29,67639146825
2012/8/30,67432442853
2012/8/31,67494970364
2012/9/3,68047553068
2012/9/4,68362354516
2012/9/5,68806761368
2012/9/6,69130324935
2012/9/7,68815401840
2012/9/10,69691821877
2012/9/11,70667689864
2012/9/12,71409306304
2012/9/13,71786913595
2012/9/14,71731240966
2012/9/17,72215014384
2012/9/18,72501894522
2012/9/19,72940549568
2012/9/20,73266973286
2012/9/21,73207924321
2012/9/24,73421634552
2012/9/25,73140483273
2012/9/26,72937140494
2012/9/27,71973202342
2012/9/28,70058919748
2012/10/8,71218972335
2012/10/9,71707975424
2012/10/10,72605921009
2012/10/11,73173728586
2012/10/12,73317689353
2012/10/15,73672161876
2012/10/16,73848337085
2012/10/17,74415806909
2012/10/18,74488174669
2012/10/19,74118656428
2012/10/22,74799897951
2012/10/23,75331954201
2012/10/24,75670620482
2012/10/25,76075694411
2012/10/26,76384140493
2012/10/29,76959861653
2012/10/30,76939018007
2012/10/31,76996412337
2012/11/1,76724905206
2012/11/2,76658143103
2012/11/5,77050205070
2012/11/6,77377212407
2012/11/7,77543786590
2012/11/8,77337129415
2012/11/9,77025784289
2012/11/12,77309219390
2012/11/13,77391077734
2012/11/14,77592402068
2012/11/15,77618129639
2012/11/16,77504649445
2012/11/19,77863714894
2012/11/20,77949467777
2012/11/21,78237352840
2012/11/22,78222110915
2012/11/23,78009069258
2012/11/26,78172921122
2012/11/27,78013952998
2012/11/28,77668031362
2012/11/29,77433867678
2012/11/30,77138394810
2012/12/3,76866063940
2012/12/4,76718319490
2012/12/5,76957707872
2012/12/6,77482563892
2012/12/7,77527443098
2012/12/10,77924964725
2012/12/11,78612188944
2012/12/12,79359411908
2012/12/13,79585867228
2012/12/14,79882854948
2012/12/17,81093753373
2012/12/18,82299063658
2012/12/19,83176066437
2012/12/20,84241945859
2012/12/21,85297348977
2012/12/24,86377596500
2012/12/25,87635456642
2012/12/26,88492279449
2012/12/27,89399140124
2012/12/28,89594181192
2012/12/31,89515606584
2013/1/4,91783703857
2013/1/7,94048303071
2013/1/8,95268868814
2013/1/9,96400252882
2013/1/10,97747002184
2013/1/11,97984185787
2013/1/14,1.00297E+11
2013/1/15,1.02274E+11
2013/1/16,1.03548E+11
2013/1/17,1.04958E+11
2013/1/18,1.05036E+11
2013/1/21,1.07467E+11
2013/1/22,1.09471E+11
2013/1/23,1.11017E+11
2013/1/24,1.11114E+11
2013/1/25,1.11025E+11
2013/1/28,1.13006E+11
2013/1/29,1.153E+11
2013/1/30,1.17691E+11
2013/1/31,1.18392E+11
2013/2/1,1.19014E+11
2013/2/4,1.22272E+11
2013/2/5,1.2391E+11
2013/2/6,1.25884E+11
2013/2/7,1.27244E+11
2013/2/8,1.24335E+11
2013/2/18,1.28943E+11
2013/2/19,1.31957E+11
2013/2/20,1.32982E+11
2013/2/21,1.34355E+11
2013/2/22,1.34247E+11
2013/2/25,1.35752E+11
2013/2/26,1.37935E+11
2013/2/27,1.38727E+11
2013/2/28,1.39499E+11
2013/3/1,1.40715E+11
2013/3/4,1.43186E+11
2013/3/5,1.45414E+11
2013/3/6,1.47518E+11
2013/3/7,1.48487E+11
2013/3/8,1.48986E+11
2013/3/11,1.50397E+11
2013/3/12,1.49688E+11
2013/3/13,1.51477E+11
2013/3/14,1.52613E+11
2013/3/15,1.53247E+11
2013/3/18,1.54435E+11
2013/3/19,1.55392E+11
2013/3/20,1.56781E+11
2013/3/21,1.58343E+11
2013/3/22,1.59392E+11
2013/3/25,1.61119E+11
2013/3/26,1.62482E+11
2013/3/27,1.63986E+11
2013/3/28,1.64483E+11
2013/3/29,1.63853E+11
2013/4/1,1.65134E+11
2013/4/2,1.65731E+11
2013/4/3,1.6537E+11
2013/4/8,1.67029E+11
2013/4/9,1.68335E+11
2013/4/10,1.68836E+11
2013/4/11,1.69614E+11
2013/4/12,1.69398E+11
2013/4/15,1.69751E+11
2013/4/16,1.70107E+11
2013/4/17,1.71595E+11
2013/4/18,1.72493E+11
2013/4/19,1.73091E+11
2013/4/22,1.75819E+11
2013/4/23,1.7726E+11
2013/4/24,1.78824E+11
2013/4/25,1.7936E+11
2013/4/26,1.77386E+11
2013/5/2,1.78927E+11
2013/5/3,1.78781E+11
2013/5/6,1.81742E+11
2013/5/7,1.8339E+11
2013/5/8,1.84587E+11
2013/5/9,1.86818E+11
2013/5/10,1.8741E+11
2013/5/13,1.89871E+11
2013/5/14,1.9203E+11
2013/5/15,1.93945E+11
2013/5/16,1.96016E+11
2013/5/17,1.96133E+11
2013/5/20,1.99267E+11
2013/5/21,2.02634E+11
2013/5/22,2.05286E+11
2013/5/23,2.08325E+11
2013/5/24,2.09676E+11
2013/5/27,2.12982E+11
2013/5/28,2.14742E+11
2013/5/29,2.17444E+11
2013/5/30,2.20142E+11
2013/5/31,2.21212E+11
2013/6/3,2.24235E+11
2013/6/4,2.25675E+11
2013/6/5,2.2689E+11
2013/6/6,2.2764E+11
2013/6/7,2.25808E+11
2013/6/13,2.2717E+11
2013/6/14,2.27217E+11
2013/6/17,2.29773E+11
2013/6/18,2.31038E+11
2013/6/19,2.32568E+11
2013/6/20,2.33372E+11
2013/6/21,2.32602E+11
2013/6/24,2.29705E+11
2013/6/25,2.24523E+11
2013/6/26,2.25079E+11
2013/6/27,2.23664E+11
2013/6/28,2.22201E+11
2013/7/1,2.22258E+11
2013/7/2,2.22937E+11
2013/7/3,2.24119E+11
2013/7/4,2.24496E+11
2013/7/5,2.24246E+11
2013/7/8,2.23476E+11
2013/7/9,2.23202E+11
2013/7/10,2.24036E+11
2013/7/11,2.23655E+11
2013/7/12,2.24122E+11
2013/7/15,2.25888E+11
2013/7/16,2.28315E+11
2013/7/17,2.2867E+11
2013/7/18,2.30087E+11
2013/7/19,2.28864E+11
2013/7/22,2.30367E+11
2013/7/23,2.31508E+11
2013/7/24,2.32733E+11
2013/7/25,2.32927E+11
2013/7/26,2.32324E+11
2013/7/29,2.33146E+11
2013/7/30,2.33127E+11
2013/7/31,2.33207E+11
2013/8/1,2.33737E+11
2013/8/2,2.32756E+11
2013/8/5,2.34067E+11
2013/8/6,2.34825E+11
2013/8/7,2.35478E+11
2013/8/8,2.37201E+11
2013/8/9,2.37332E+11
2013/8/12,2.37798E+11
2013/8/13,2.39513E+11
2013/8/14,2.40116E+11
2013/8/15,2.40754E+11
2013/8/16,2.41416E+11
2013/8/19,2.42134E+11
2013/8/20,2.43208E+11
2013/8/21,2.44644E+11
2013/8/22,2.45191E+11
2013/8/23,2.44901E+11
2013/8/26,2.46936E+11
2013/8/27,2.4934E+11
2013/8/28,2.51968E+11
2013/8/29,2.53957E+11
2013/8/30,2.52594E+11
2013/9/2,2.5464E+11
2013/9/3,2.54539E+11
2013/9/4,2.55575E+11
2013/9/5,2.57334E+11
2013/9/6,2.58171E+11
2013/9/9,2.62977E+11
2013/9/10,2.67295E+11
2013/9/11,2.69168E+11
2013/9/12,2.73664E+11
2013/9/13,2.74762E+11
2013/9/16,2.78654E+11
2013/9/17,2.80902E+11
2013/9/18,2.79615E+11
2013/9/23,2.83932E+11
2013/9/24,2.86943E+11
2013/9/25,2.88995E+11
2013/9/26,2.90088E+11
2013/9/27,2.89418E+11
2013/9/30,2.86091E+11
2013/10/8,2.92236E+11
2013/10/9,2.96533E+11
2013/10/10,3.00437E+11
2013/10/11,3.02899E+11
2013/10/14,3.06832E+11
2013/10/15,3.10069E+11
2013/10/16,3.10194E+11
2013/10/17,3.10951E+11
2013/10/18,3.10443E+11
2013/10/21,3.13535E+11
2013/10/22,3.15036E+11
2013/10/23,3.15045E+11
2013/10/24,3.159E+11
2013/10/25,3.15428E+11
2013/10/28,3.16115E+11
2013/10/29,3.14016E+11
2013/10/30,3.14824E+11
2013/10/31,3.14594E+11
2013/11/1,3.12396E+11
2013/11/4,3.13344E+11
2013/11/5,3.14095E+11
2013/11/6,3.14301E+11
2013/11/7,3.14234E+11
2013/11/8,3.13186E+11
2013/11/11,3.13028E+11
2013/11/12,3.12597E+11
2013/11/13,3.11214E+11
2013/11/14,3.11676E+11
2013/11/15,3.12221E+11
2013/11/18,3.15469E+11
2013/11/19,3.17509E+11
2013/11/20,3.19844E+11
2013/11/21,3.21083E+11
2013/11/22,3.20756E+11
2013/11/25,3.22139E+11
2013/11/26,3.23732E+11
2013/11/27,3.25646E+11
2013/11/28,3.26806E+11
2013/11/29,3.2735E+11
2013/12/2,3.27657E+11
2013/12/3,3.289E+11
2013/12/4,3.314E+11
2013/12/5,3.33144E+11
2013/12/6,3.32929E+11
2013/12/9,3.34608E+11
2013/12/10,3.35794E+11
2013/12/11,3.36384E+11
2013/12/12,3.37463E+11
2013/12/13,3.37574E+11
2013/12/16,3.38027E+11
2013/12/17,3.3894E+11
2013/12/18,3.39346E+11
2013/12/19,3.39916E+11
2013/12/20,3.40126E+11
2013/12/23,3.4032E+11
2013/12/24,3.40489E+11
2013/12/25,3.41938E+11
2013/12/26,3.42949E+11
2013/12/27,3.43207E+11
2013/12/30,3.45942E+11
2013/12/31,3.46527E+11
2014/1/2,3.4744E+11
2014/1/3,3.47149E+11
2014/1/6,3.47756E+11
2014/1/7,3.48307E+11
2014/1/8,3.49513E+11
2014/1/9,3.50791E+11
2014/1/10,3.50591E+11
2014/1/13,3.50395E+11
2014/1/14,3.50544E+11
2014/1/15,3.51314E+11
2014/1/16,3.51825E+11
2014/1/17,3.52291E+11
2014/1/20,3.53066E+11
2014/1/21,3.53403E+11
2014/1/22,3.5447E+11
2014/1/23,3.55642E+11
2014/1/24,3.5541E+11
2014/1/27,3.56645E+11
2014/1/28,3.56179E+11
2014/1/29,3.54322E+11
2014/1/30,3.4917E+11
2014/2/7,3.54064E+11
2014/2/10,3.60099E+11
2014/2/11,3.65844E+11
2014/2/12,3.70215E+11
2014/2/13,3.73939E+11
2014/2/14,3.74121E+11
2014/2/17,3.77984E+11
2014/2/18,3.82037E+11
2014/2/19,3.85122E+11
2014/2/20,3.87014E+11
2014/2/21,3.86507E+11
2014/2/24,3.87626E+11
2014/2/25,3.86576E+11
2014/2/26,3.87316E+11
2014/2/27,3.87084E+11
2014/2/28,3.8625E+11
2014/3/3,3.87982E+11
2014/3/4,3.89044E+11
2014/3/5,3.90549E+11
2014/3/6,3.91193E+11
2014/3/7,3.8984E+11
2014/3/10,3.8855E+11
2014/3/11,3.87779E+11
2014/3/12,3.86997E+11
2014/3/13,3.87856E+11
2014/3/14,3.86923E+11
2014/3/17,3.87917E+11
2014/3/18,3.89627E+11
2014/3/19,3.91557E+11
2014/3/20,3.91608E+11
2014/3/21,3.91597E+11
2014/3/24,3.93619E+11
2014/3/25,3.95359E+11
2014/3/26,3.96845E+11
2014/3/27,3.97576E+11
2014/3/28,3.95857E+11
2014/3/31,3.95399E+11
2014/4/1,3.94772E+11
2014/4/2,3.94553E+11
2014/4/3,3.95753E+11
2014/4/4,3.94277E+11
2014/4/8,3.95427E+11
2014/4/9,3.96986E+11
2014/4/10,4.00531E+11
2014/4/11,4.00678E+11
2014/4/14,4.02898E+11
2014/4/15,4.04683E+11
2014/4/16,4.05407E+11
2014/4/17,4.05959E+11
2014/4/18,4.04938E+11
2014/4/21,4.04799E+11
2014/4/22,4.05212E+11
2014/4/23,4.05691E+11
2014/4/24,4.04974E+11
2014/4/25,4.02718E+11
2014/4/28,4.0101E+11
2014/4/29,3.994E+11
2014/4/30,3.96416E+11
2014/5/5,3.9804E+11
2014/5/6,3.99284E+11
2014/5/7,3.99028E+11
2014/5/8,3.98866E+11
2014/5/9,3.97665E+11
2014/5/12,3.98756E+11
2014/5/13,3.99523E+11
2014/5/14,3.99339E+11
2014/5/15,3.98571E+11
2014/5/16,3.97165E+11
2014/5/19,3.97256E+11
2014/5/20,3.97285E+11
2014/5/21,3.97981E+11
2014/5/22,3.97298E+11
2014/5/23,3.9561E+11
2014/5/26,3.95616E+11
2014/5/27,3.95973E+11
2014/5/28,3.96714E+11
2014/5/29,3.96284E+11
2014/5/30,3.94263E+11
2014/6/3,3.94188E+11
2014/6/4,3.94354E+11
2014/6/5,3.93903E+11
2014/6/6,3.93556E+11
2014/6/9,3.94163E+11
2014/6/10,3.94704E+11
2014/6/11,3.95207E+11
2014/6/12,3.96368E+11
2014/6/13,3.95653E+11
2014/6/16,3.97628E+11
2014/6/17,4.0075E+11
2014/6/18,4.04413E+11
2014/6/19,4.05455E+11
2014/6/20,4.05348E+11
2014/6/23,4.05414E+11
2014/6/24,4.05598E+11
2014/6/25,4.06306E+11
2014/6/26,4.05484E+11
2014/6/27,4.04172E+11
2014/6/30,4.06408E+11
2014/7/1,4.07757E+11
2014/7/2,4.09406E+11
2014/7/3,4.11505E+11
2014/7/4,4.11532E+11
2014/7/7,4.14513E+11
2014/7/8,4.16945E+11
2014/7/9,4.18789E+11
2014/7/10,4.20965E+11
2014/7/11,4.21614E+11
2014/7/14,4.24319E+11
2014/7/15,4.25819E+11
2014/7/16,4.2799E+11
2014/7/17,4.28643E+11
2014/7/18,4.26961E+11
2014/7/21,4.27278E+11
2014/7/22,4.28793E+11
2014/7/23,4.32059E+11
2014/7/24,4.34627E+11
2014/7/25,4.33653E+11
2014/7/28,4.32644E+11
2014/7/29,4.35111E+11
2014/7/30,4.40597E+11
2014/7/31,4.44957E+11
2014/8/1,4.44046E+11
2014/8/4,4.48688E+11
2014/8/5,4.52167E+11
2014/8/6,4.57145E+11
2014/8/7,4.60706E+11
2014/8/8,4.6182E+11
2014/8/11,4.64963E+11
2014/8/12,4.69975E+11
2014/8/13,4.76128E+11
2014/8/14,4.80789E+11
2014/8/15,4.82491E+11
2014/8/18,4.87449E+11
2014/8/19,4.91439E+11
2014/8/20,4.96293E+11
2014/8/21,5.00941E+11
2014/8/22,5.02662E+11
2014/8/25,5.06686E+11
2014/8/26,5.10323E+11
2014/8/27,5.14192E+11
2014/8/28,5.21751E+11
2014/8/29,5.23705E+11
2014/9/1,5.27817E+11
2014/9/2,5.27302E+11
2014/9/3,5.27965E+11
2014/9/4,5.33776E+11
2014/9/5,5.34105E+11
2014/9/9,5.42162E+11
2014/9/10,5.4933E+11
2014/9/11,5.56376E+11
2014/9/12,5.60792E+11
2014/9/15,5.69934E+11
2014/9/16,5.75493E+11
2014/9/17,5.80384E+11
2014/9/18,5.84729E+11
2014/9/19,5.85361E+11
2014/9/22,5.94911E+11
2014/9/23,6.01001E+11
2014/9/24,6.13919E+11
2014/9/25,6.22861E+11
2014/9/26,6.26383E+11
2014/9/29,6.23467E+11
2014/9/30,6.11131E+11
2014/10/8,6.29982E+11
2014/10/9,6.4078E+11
2014/10/10,6.47073E+11
2014/10/13,6.56801E+11
2014/10/14,6.63383E+11
2014/10/15,6.70497E+11
2014/10/16,6.73193E+11
2014/10/17,6.73454E+11
2014/10/20,6.77532E+11
2014/10/21,6.81054E+11
2014/10/22,6.84888E+11
2014/10/23,6.91027E+11
2014/10/24,6.93836E+11
2014/10/27,6.97906E+11
2014/10/28,6.95307E+11
2014/10/29,6.95599E+11
2014/10/30,7.01308E+11
2014/10/31,7.02376E+11
2014/11/3,7.104E+11
2014/11/4,7.16689E+11
2014/11/5,7.2224E+11
2014/11/6,7.27098E+11
2014/11/7,7.27938E+11
2014/11/10,7.33318E+11
2014/11/11,7.38282E+11
2014/11/12,7.42454E+11
2014/11/13,7.45554E+11
2014/11/14,7.46214E+11
2014/11/17,7.49639E+11
2014/11/18,7.52812E+11
2014/11/19,7.56133E+11
2014/11/20,7.59259E+11
2014/11/21,7.62511E+11
2014/11/24,7.82863E+11
2014/11/25,7.98566E+11
2014/11/26,8.11835E+11
2014/11/27,8.17007E+11
2014/11/28,8.2534E+11
2014/12/1,8.38191E+11
2014/12/2,8.47203E+11
2014/12/3,8.56526E+11
2014/12/4,8.81033E+11
2014/12/5,8.88247E+11
2014/12/8,9.16002E+11
2014/12/9,9.26989E+11
2014/12/10,9.35803E+11
2014/12/11,9.41456E+11
2014/12/12,9.43448E+11
2014/12/15,9.56075E+11
2014/12/16,9.69048E+11
2014/12/17,9.84033E+11
2014/12/18,9.95045E+11
2014/12/19,1.00701E+12
2014/12/22,1.01075E+12
2014/12/23,1.00658E+12
2014/12/24,1.00188E+12
2014/12/25,1.00759E+12
2014/12/26,1.01346E+12
2014/12/29,1.02491E+12
2014/12/30,1.02866E+12
2014/12/31,1.02566E+12
2015/1/5,1.03793E+12
2015/1/6,1.04599E+12
2015/1/7,1.0578E+12
2015/1/8,1.0609E+12
2015/1/9,1.06796E+12
2015/1/12,1.07902E+12
2015/1/13,1.08506E+12
2015/1/14,1.09767E+12
2015/1/15,1.1132E+12
2015/1/16,1.1184E+12
2015/1/19,1.09853E+12
2015/1/20,1.09676E+12
2015/1/21,1.10254E+12
2015/1/22,1.11291E+12
2015/1/23,1.11884E+12
2015/1/26,1.1273E+12
2015/1/27,1.13144E+12
2015/1/28,1.13438E+12
2015/1/29,1.13659E+12
2015/1/30,1.13185E+12
2015/2/2,1.13295E+12
2015/2/3,1.13273E+12
2015/2/4,1.13543E+12
2015/2/5,1.14114E+12
2015/2/6,1.14312E+12
2015/2/9,1.15267E+12
2015/2/10,1.16904E+12
2015/2/11,1.17894E+12
2015/2/12,1.17783E+12
2015/2/13,1.14412E+12
2015/2/16,1.13764E+12
2015/2/17,1.11049E+12
2015/2/25,1.14066E+12
2015/2/26,1.15317E+12
2015/2/27,1.15793E+12
2015/3/2,1.17834E+12
2015/3/3,1.1974E+12
2015/3/4,1.21053E+12
2015/3/5,1.22476E+12
2015/3/6,1.23201E+12
2015/3/9,1.24683E+12
2015/3/10,1.26733E+12
2015/3/11,1.29056E+12
2015/3/12,1.31302E+12
2015/3/13,1.31706E+12
2015/3/16,1.31039E+12
2015/3/17,1.32032E+12
2015/3/18,1.34164E+12
2015/3/19,1.36323E+12
2015/3/20,1.3836E+12
2015/3/23,1.39968E+12
2015/3/24,1.42112E+12
2015/3/25,1.44275E+12
2015/3/26,1.45884E+12
2015/3/27,1.46622E+12
2015/3/30,1.48469E+12
2015/3/31,1.49392E+12
2015/4/1,1.51839E+12
2015/4/2,1.5383E+12
2015/4/3,1.55363E+12
2015/4/7,1.58541E+12
2015/4/8,1.60716E+12
2015/4/9,1.63261E+12
2015/4/10,1.65206E+12
2015/4/13,1.68086E+12
2015/4/14,1.70798E+12
2015/4/15,1.72988E+12
2015/4/16,1.74619E+12
2015/4/17,1.73402E+12
2015/4/20,1.72553E+12
2015/4/21,1.73903E+12
2015/4/22,1.76119E+12
2015/4/23,1.779E+12
2015/4/24,1.78944E+12
2015/4/27,1.81534E+12
2015/4/28,1.82266E+12
2015/4/29,1.83456E+12
2015/4/30,1.83987E+12
2015/5/4,1.86633E+12
2015/5/5,1.87511E+12
2015/5/6,1.89699E+12
2015/5/7,1.90618E+12
2015/5/8,1.88211E+12
2015/5/11,1.88989E+12
2015/5/12,1.90339E+12
2015/5/13,1.92248E+12
2015/5/14,1.93474E+12
2015/5/15,1.93641E+12
2015/5/18,1.95507E+12
2015/5/19,1.98426E+12
2015/5/20,2.01301E+12
2015/5/21,2.03261E+12
2015/5/22,2.0224E+12
2015/5/25,2.03333E+12
2015/5/26,2.05267E+12
2015/5/27,2.06503E+12
2015/5/28,2.07574E+12
2015/5/29,2.07955E+12
2015/6/1,2.10823E+12
2015/6/2,2.13802E+12
2015/6/3,2.15777E+12
2015/6/4,2.17233E+12
2015/6/5,2.169E+12
2015/6/8,2.17483E+12
2015/6/9,2.18611E+12
2015/6/10,2.20102E+12
2015/6/11,2.21517E+12
2015/6/12,2.23E+12
2015/6/15,2.24072E+12
2015/6/16,2.24713E+12
2015/6/17,2.26205E+12
2015/6/18,2.27304E+12
2015/6/19,2.26598E+12
2015/6/23,2.25194E+12
2015/6/24,2.21273E+12
2015/6/25,2.18822E+12
2015/6/26,2.13052E+12
2015/6/29,2.08857E+12
2015/6/30,2.04939E+12
2015/7/1,2.03529E+12
2015/7/2,1.98364E+12
2015/7/3,1.90985E+12
2015/7/6,1.77346E+12
2015/7/7,1.62887E+12
2015/7/8,1.45859E+12
2015/7/9,1.44058E+12
2015/7/10,1.44097E+12
2015/7/13,1.43981E+12
2015/7/14,1.44173E+12
2015/7/15,1.42263E+12
2015/7/16,1.42135E+12
2015/7/17,1.42839E+12
2015/7/20,1.42702E+12
2015/7/21,1.43609E+12
2015/7/22,1.43989E+12
2015/7/23,1.45882E+12
2015/7/24,1.45789E+12
2015/7/27,1.43007E+12
2015/7/28,1.38229E+12
2015/7/29,1.3724E+12
2015/7/30,1.37115E+12
2015/7/31,1.33866E+12
2015/8/3,1.29729E+12
2015/8/4,1.31301E+12
2015/8/5,1.31261E+12
2015/8/6,1.30881E+12
2015/8/7,1.31733E+12
2015/8/10,1.34054E+12
2015/8/11,1.35436E+12
2015/8/12,1.35898E+12
2015/8/13,1.37273E+12
2015/8/14,1.37799E+12
2015/8/17,1.39279E+12
2015/8/18,1.37235E+12
2015/8/19,1.36536E+12
2015/8/20,1.35733E+12
2015/8/21,1.32693E+12
2015/8/24,1.24843E+12
2015/8/25,1.16292E+12
2015/8/26,1.11064E+12
2015/8/27,1.07757E+12
2015/8/28,1.07538E+12
2015/8/31,1.0592E+12
2015/9/1,1.01538E+12
2015/9/2,9.62262E+11
2015/9/7,9.78471E+11
2015/9/8,9.76161E+11
2015/9/9,9.90564E+11
2015/9/10,9.87416E+11
2015/9/11,9.84921E+11
2015/9/14,9.56423E+11
2015/9/15,9.35603E+11
2015/9/16,9.3816E+11
2015/9/17,9.4125E+11
2015/9/18,9.39111E+11
2015/9/21,9.40835E+11
2015/9/22,9.41438E+11
2015/9/23,9.39911E+11
2015/9/24,9.40142E+11
2015/9/25,9.2756E+11
2015/9/28,9.28701E+11
2015/9/29,9.21076E+11
2015/9/30,9.06709E+11
2015/10/8,9.22406E+11
2015/10/9,9.23764E+11
2015/10/12,9.47978E+11
2015/10/13,9.52398E+11
2015/10/14,9.57787E+11
2015/10/15,9.69072E+11
2015/10/16,9.72735E+11
2015/10/19,9.85158E+11
2015/10/20,9.96099E+11
2015/10/21,9.87995E+11
2015/10/22,1.00124E+12
2015/10/23,1.0106E+12
2015/10/26,1.02396E+12
2015/10/27,1.03062E+12
2015/10/28,1.02835E+12
2015/10/29,1.03508E+12
2015/10/30,1.0331E+12
2015/11/2,1.0306E+12
2015/11/3,1.03181E+12
2015/11/4,1.05242E+12
2015/11/5,1.07048E+12
2015/11/6,1.08388E+12
2015/11/9,1.11714E+12
2015/11/10,1.13821E+12
2015/11/11,1.15298E+12
2015/11/12,1.16637E+12
2015/11/13,1.16736E+12
2015/11/16,1.18009E+12
2015/11/17,1.19773E+12
2015/11/18,1.19866E+12
2015/11/19,1.21246E+12
2015/11/20,1.22208E+12
2015/11/23,1.2182E+12
2015/11/24,1.22029E+12
2015/11/25,1.22231E+12
2015/11/26,1.22053E+12
2015/11/27,1.19725E+12
2015/11/30,1.19616E+12
2015/12/1,1.19821E+12
2015/12/2,1.19391E+12
2015/12/3,1.18803E+12
2015/12/4,1.16723E+12
2015/12/7,1.16636E+12
2015/12/8,1.15864E+12
2015/12/9,1.15716E+12
2015/12/10,1.1551E+12
2015/12/11,1.15416E+12
2015/12/14,1.16832E+12
2015/12/15,1.17154E+12
2015/12/16,1.17462E+12
2015/12/17,1.17376E+12
2015/12/18,1.17413E+12
2015/12/21,1.1839E+12
2015/12/22,1.19362E+12
2015/12/23,1.20567E+12
2015/12/24,1.21112E+12
2015/12/25,1.21066E+12
2015/12/28,1.18942E+12
2015/12/29,1.18976E+12
2015/12/30,1.19132E+12
2015/12/31,1.17427E+12
2016/1/4,1.16153E+12
2016/1/5,1.14019E+12
2016/1/6,1.13436E+12
2016/1/7,1.12262E+12
2016/1/8,1.09911E+12
2016/1/11,1.06447E+12
2016/1/12,1.04509E+12
2016/1/13,1.02628E+12
2016/1/14,1.01652E+12
2016/1/15,9.99724E+11
2016/1/18,9.99173E+11
2016/1/19,9.97716E+11
2016/1/20,9.93867E+11
2016/1/21,9.85591E+11
2016/1/22,9.81274E+11
2016/1/25,9.77538E+11
2016/1/26,9.53114E+11
2016/1/27,9.31829E+11
2016/1/28,9.15466E+11
2016/1/29,9.09172E+11
2016/2/1,8.99635E+11
2016/2/2,9.00139E+11
2016/2/3,8.94777E+11
2016/2/4,8.90385E+11
2016/2/5,8.71745E+11
2016/2/15,8.7515E+11
2016/2/16,8.81039E+11
2016/2/17,8.82538E+11
2016/2/18,8.8489E+11
2016/2/19,8.83864E+11
2016/2/22,8.87361E+11
2016/2/23,8.87082E+11
2016/2/24,8.89292E+11
2016/2/25,8.75544E+11
2016/2/26,8.69679E+11
2016/2/29,8.52968E+11
2016/3/1,8.50484E+11
2016/3/2,8.54661E+11
2016/3/3,8.56572E+11
2016/3/4,8.43536E+11
2016/3/7,8.48057E+11
2016/3/8,8.46171E+11
2016/3/9,8.41729E+11
2016/3/10,8.3907E+11
2016/3/11,8.35735E+11
2016/3/14,8.42907E+11
2016/3/15,8.37598E+11
2016/3/16,8.29148E+11
2016/3/17,8.39605E+11
2016/3/18,8.47401E+11
2016/3/21,8.65512E+11
2016/3/22,8.70142E+11
2016/3/23,8.75527E+11
2016/3/24,8.75057E+11
2016/3/25,8.75896E+11
2016/3/28,8.77061E+11
2016/3/29,8.75734E+11
2016/3/30,8.80126E+11
2016/3/31,8.80933E+11
2016/4/1,8.74158E+11
2016/4/5,8.86625E+11
2016/4/6,8.89623E+11
2016/4/7,8.88986E+11
2016/4/8,8.84611E+11
2016/4/11,8.89879E+11
2016/4/12,8.86224E+11
2016/4/13,8.9468E+11
2016/4/14,8.9754E+11
2016/4/15,8.93886E+11
2016/4/18,8.92411E+11
2016/4/19,8.93242E+11
2016/4/20,8.80224E+11
2016/4/21,8.76449E+11
2016/4/22,8.72179E+11
2016/4/25,8.70634E+11
2016/4/26,8.6968E+11
2016/4/27,8.67515E+11
2016/4/28,8.66891E+11
2016/4/29,8.59439E+11
2016/5/3,8.68127E+11
2016/5/4,8.69141E+11
2016/5/5,8.71717E+11
2016/5/6,8.60277E+11
2016/5/9,8.54423E+11
2016/5/10,8.48485E+11
2016/5/11,8.43606E+11
2016/5/12,8.40534E+11
2016/5/13,8.35231E+11
2016/5/16,8.36696E+11
2016/5/17,8.35363E+11
2016/5/18,8.2839E+11
2016/5/19,8.28962E+11
2016/5/20,8.26798E+11
2016/5/23,8.26831E+11
2016/5/24,8.27018E+11
2016/5/25,8.25633E+11
2016/5/26,8.25677E+11
2016/5/27,8.22409E+11
2016/5/30,8.20908E+11
2016/5/31,8.29265E+11
2016/6/1,8.32139E+11
2016/6/2,8.37584E+11
2016/6/3,8.36034E+11
2016/6/6,8.39018E+11
2016/6/7,8.40639E+11
2016/6/8,8.37182E+11
2016/6/13,8.33195E+11
2016/6/14,8.31339E+11
2016/6/15,8.39268E+11
2016/6/16,8.38628E+11
2016/6/17,8.36383E+11
2016/6/20,8.38397E+11
2016/6/21,8.36999E+11
2016/6/22,8.39811E+11
2016/6/23,8.39466E+11
2016/6/24,8.37464E+11
2016/6/27,8.44886E+11
2016/6/28,8.48505E+11
2016/6/29,8.52518E+11
2016/6/30,8.53584E+11
2016/7/1,8.51051E+11
2016/7/4,8.59801E+11
2016/7/5,8.63293E+11
2016/7/6,8.66488E+11
2016/7/7,8.70168E+11
2016/7/8,8.66307E+11
2016/7/11,8.6835E+11
2016/7/12,8.73341E+11
2016/7/13,8.75343E+11
2016/7/14,8.7688E+11
2016/7/15,8.75097E+11
2016/7/18,8.7944E+11
2016/7/19,8.84292E+11
2016/7/20,8.85376E+11
2016/7/21,8.86276E+11
2016/7/22,8.83394E+11
2016/7/25,8.85404E+11
2016/7/26,8.87447E+11
2016/7/27,8.75902E+11
2016/7/28,8.72065E+11
2016/7/29,8.66892E+11
2016/8/1,8.63209E+11
2016/8/2,8.62415E+11
2016/8/3,8.62555E+11
2016/8/4,8.64302E+11
2016/8/5,8.6129E+11
2016/8/8,8.64564E+11
2016/8/9,8.67608E+11
2016/8/10,8.71226E+11
2016/8/11,8.71755E+11
2016/8/12,8.69123E+11
2016/8/15,8.80332E+11
2016/8/16,8.90157E+11
2016/8/17,8.93435E+11
2016/8/18,8.97799E+11
2016/8/19,8.9763E+11
2016/8/22,8.9926E+11
2016/8/23,8.99869E+11
2016/8/24,9.01129E+11
2016/8/25,9.01328E+11
2016/8/26,8.99061E+11
2016/8/29,9.01352E+11
2016/8/30,9.01577E+11
2016/8/31,9.03589E+11
2016/9/1,9.0302E+11
2016/9/2,8.99494E+11
2016/9/5,8.99933E+11
2016/9/6,9.06273E+11
2016/9/7,9.06399E+11
2016/9/8,9.07786E+11
2016/9/9,9.04245E+11
2016/9/12,9.0096E+11
2016/9/13,8.9969E+11
2016/9/14,8.93094E+11
2016/9/19,8.95858E+11
2016/9/20,8.9661E+11
2016/9/21,8.9747E+11
2016/9/22,8.96028E+11
2016/9/23,8.91739E+11
2016/9/26,8.9108E+11
2016/9/27,8.90314E+11
2016/9/28,8.88593E+11
2016/9/29,8.85799E+11
2016/9/30,8.71779E+11
2016/10/10,8.81786E+11
2016/10/11,8.86625E+11
2016/10/12,8.91075E+11
2016/10/13,8.94423E+11
2016/10/14,8.93602E+11
2016/10/17,8.9568E+11
2016/10/18,9.01382E+11
2016/10/19,9.0301E+11
2016/10/20,9.0454E+11
2016/10/21,9.02285E+11
2016/10/24,9.08776E+11
2016/10/25,9.12408E+11
2016/10/26,9.14701E+11
2016/10/27,9.1627E+11
2016/10/28,9.09853E+11
2016/10/31,9.11606E+11
2016/11/1,9.1471E+11
2016/11/2,9.14098E+11
2016/11/3,9.21147E+11
2016/11/4,9.19046E+11
2016/11/7,9.21794E+11
2016/11/8,9.23283E+11
2016/11/9,9.26906E+11
2016/11/10,9.329E+11
2016/11/11,9.3291E+11
2016/11/14,9.41136E+11
2016/11/15,9.45971E+11
2016/11/16,9.49727E+11
2016/11/17,9.50395E+11
2016/11/18,9.48103E+11
2016/11/21,9.54387E+11
2016/11/22,9.60867E+11
2016/11/23,9.60617E+11
2016/11/24,9.61353E+11
2016/11/25,9.60317E+11
2016/11/28,9.68542E+11
2016/11/29,9.71556E+11
2016/11/30,9.76679E+11
2016/12/1,9.74356E+11
2016/12/2,9.69653E+11
2016/12/5,9.6798E+11
2016/12/6,9.67961E+11
2016/12/7,9.69622E+11
2016/12/8,9.69519E+11
2016/12/9,9.66345E+11
2016/12/12,9.54578E+11
2016/12/13,9.5289E+11
2016/12/14,9.53303E+11
2016/12/15,9.55984E+11
2016/12/16,9.52257E+11
2016/12/19,9.51331E+11
2016/12/20,9.52479E+11
2016/12/21,9.52636E+11
2016/12/22,9.51437E+11
2016/12/23,9.45989E+11
2016/12/26,9.47374E+11
2016/12/27,9.4788E+11
2016/12/28,9.48199E+11
2016/12/29,9.47437E+11
2016/12/30,9.39249E+11
2017/1/3,9.39205E+11
2017/1/4,9.38038E+11
2017/1/5,9.36538E+11
2017/1/6,9.32896E+11
2017/1/9,9.33217E+11
2017/1/10,9.31604E+11
2017/1/11,9.29461E+11
2017/1/12,9.2732E+11
2017/1/13,9.20276E+11
2017/1/16,9.02851E+11
2017/1/17,9.01234E+11
2017/1/18,8.98048E+11
2017/1/19,8.95998E+11
2017/1/20,8.9214E+11
2017/1/23,8.8956E+11
2017/1/24,8.85135E+11
2017/1/25,8.81479E+11
2017/1/26,8.67981E+11
2017/2/3,8.72739E+11
2017/2/6,8.77626E+11
2017/2/7,8.78133E+11
2017/2/8,8.81058E+11
2017/2/9,8.84893E+11
2017/2/10,8.83175E+11
2017/2/13,8.88583E+11
2017/2/14,8.90302E+11
2017/2/15,8.92804E+11
2017/2/16,8.95912E+11
2017/2/17,8.94519E+11
2017/2/20,8.99453E+11
2017/2/21,9.00785E+11
2017/2/22,9.02622E+11
2017/2/23,9.05721E+11
2017/2/24,9.0545E+11
2017/2/27,9.08208E+11
2017/2/28,9.10407E+11
2017/3/1,9.11414E+11
2017/3/2,9.12382E+11
2017/3/3,9.09671E+11
2017/3/6,9.13177E+11
2017/3/7,9.13715E+11
2017/3/8,9.14102E+11
2017/3/9,9.13255E+11
2017/3/10,9.09834E+11
2017/3/13,9.12288E+11
2017/3/14,9.13303E+11
2017/3/15,9.14261E+11
2017/3/16,9.21226E+11
2017/3/17,9.19962E+11
2017/3/20,9.22819E+11
2017/3/21,9.24585E+11
2017/3/22,9.26227E+11
2017/3/23,9.26929E+11
2017/3/24,9.26293E+11
2017/3/27,9.30566E+11
2017/3/28,9.31504E+11
2017/3/29,9.31508E+11
2017/3/30,9.29961E+11
2017/3/31,9.2223E+11
2017/4/5,9.27515E+11
2017/4/6,9.28638E+11
2017/4/7,9.25948E+11
2017/4/10,9.30264E+11
2017/4/11,9.35534E+11
2017/4/12,9.37348E+11
2017/4/13,9.40763E+11
2017/4/14,9.37301E+11
2017/4/17,9.38999E+11
2017/4/18,9.3744E+11
2017/4/19,9.34206E+11
2017/4/20,9.31218E+11
2017/4/21,9.22913E+11
2017/4/24,9.17426E+11
2017/4/25,9.15484E+11
2017/4/26,9.14559E+11
2017/4/27,9.14863E+11
2017/4/28,9.09228E+11
2017/5/2,9.11034E+11
2017/5/3,9.11945E+11
2017/5/4,9.13668E+11
2017/5/5,9.0786E+11
2017/5/8,9.03029E+11
2017/5/9,9.01132E+11
2017/5/10,8.95744E+11
2017/5/11,8.87671E+11
2017/5/12,8.82306E+11
2017/5/15,8.80074E+11
2017/5/16,8.82907E+11
2017/5/17,8.83643E+11
2017/5/18,8.84425E+11
2017/5/19,8.81558E+11
2017/5/22,8.81089E+11
2017/5/23,8.76356E+11
2017/5/24,8.75613E+11
2017/5/25,8.7549E+11
2017/5/26,8.68633E+11
2017/5/31,8.69625E+11
2017/6/1,8.64628E+11
2017/6/2,8.62531E+11
2017/6/5,8.63655E+11
2017/6/6,8.62679E+11
2017/6/7,8.66039E+11
2017/6/8,8.66833E+11
2017/6/9,8.65122E+11
2017/6/12,8.67149E+11
2017/6/13,8.69675E+11
2017/6/14,8.6993E+11
2017/6/15,8.73115E+11
2017/6/16,8.69832E+11
2017/6/19,8.71833E+11
2017/6/20,8.71855E+11
2017/6/21,8.73235E+11
2017/6/22,8.73853E+11
2017/6/23,8.71194E+11
2017/6/26,8.76567E+11
2017/6/27,8.78708E+11
2017/6/28,8.81804E+11
2017/6/29,8.82783E+11
2017/6/30,8.79862E+11
2017/7/3,8.81645E+11
2017/7/4,8.83362E+11
2017/7/5,8.85238E+11
2017/7/6,8.85894E+11
2017/7/7,8.84359E+11
2017/7/10,8.87332E+11
2017/7/11,8.87466E+11
2017/7/12,8.88905E+11
2017/7/13,8.89576E+11
2017/7/14,8.85269E+11
2017/7/17,8.80509E+11
2017/7/18,8.80387E+11
2017/7/19,8.83022E+11
2017/7/20,8.84208E+11
2017/7/21,8.82939E+11
2017/7/24,8.89017E+11
2017/7/25,8.92578E+11
2017/7/26,8.95065E+11
2017/7/27,8.98477E+11
2017/7/28,8.95479E+11
2017/7/31,9.01061E+11
2017/8/1,9.02617E+11
2017/8/2,9.06212E+11
2017/8/3,9.10012E+11
2017/8/4,9.06762E+11
2017/8/7,9.09926E+11
2017/8/8,9.09307E+11
2017/8/9,9.13191E+11
2017/8/10,9.13452E+11
2017/8/11,9.09399E+11
2017/8/14,9.14498E+11
2017/8/15,9.17275E+11
2017/8/16,9.19704E+11
2017/8/17,9.22808E+11
2017/8/18,9.20751E+11
2017/8/21,9.24204E+11
2017/8/22,9.26451E+11
2017/8/23,9.27253E+11
2017/8/24,9.28529E+11
2017/8/25,9.27445E+11
2017/8/28,9.34322E+11
2017/8/29,9.37929E+11
2017/8/30,9.40124E+11
2017/8/31,9.4641E+11
2017/9/1,9.47766E+11
2017/9/4,9.53484E+11
2017/9/5,9.56823E+11
2017/9/6,9.61984E+11
2017/9/7,9.65019E+11
2017/9/8,9.65586E+11
2017/9/11,9.73717E+11
2017/9/12,9.78376E+11
2017/9/13,9.81869E+11
2017/9/14,9.84927E+11
2017/9/15,9.83457E+11
2017/9/18,9.89004E+11
2017/9/19,9.91969E+11
2017/9/20,9.97662E+11
2017/9/21,9.95167E+11
2017/9/22,9.9156E+11
2017/9/25,9.89053E+11
2017/9/26,9.88163E+11
2017/9/27,9.87228E+11
2017/9/28,9.84834E+11
2017/9/29,9.69498E+11
2017/10/9,9.85872E+11
2017/10/10,9.92582E+11
2017/10/11,9.94647E+11
2017/10/12,9.94987E+11
2017/10/13,9.93986E+11
2017/10/16,9.9525E+11
2017/10/17,9.94811E+11
2017/10/18,9.91435E+11
2017/10/19,9.88293E+11
2017/10/20,9.86468E+11
2017/10/23,9.9015E+11
2017/10/24,9.87211E+11
2017/10/25,9.89254E+11
2017/10/26,9.96789E+11
2017/10/27,9.9692E+11
2017/10/30,9.97209E+11
2017/10/31,9.99443E+11
2017/11/1,1.00511E+12
2017/11/2,1.00441E+12
2017/11/3,1E+12
2017/11/6,1.00651E+12
2017/11/7,1.01239E+12
2017/11/8,1.01762E+12
2017/11/9,1.02121E+12
2017/11/10,1.02308E+12
2017/11/13,1.03222E+12
2017/11/14,1.0364E+12
2017/11/15,1.03773E+12
2017/11/16,1.04021E+12
2017/11/17,1.02802E+12
2017/11/20,1.02915E+12
2017/11/21,1.03672E+12
2017/11/22,1.03952E+12
2017/11/23,1.03684E+12
2017/11/24,1.02986E+12
2017/11/27,1.02587E+12
2017/11/28,1.02775E+12
2017/11/29,1.03E+12
2017/11/30,1.02883E+12
2017/12/1,1.02667E+12
2017/12/4,1.02578E+12
2017/12/5,1.01244E+12
2017/12/6,1.01307E+12
2017/12/7,1.01363E+12
2017/12/8,1.01377E+12
2017/12/11,1.0157E+12
2017/12/12,1.01706E+12
2017/12/13,1.02011E+12
2017/12/14,1.02263E+12
2017/12/15,1.01909E+12
2017/12/18,1.02004E+12
2017/12/19,1.02146E+12
2017/12/20,1.02065E+12
2017/12/21,1.02196E+12
2017/12/22,1.02091E+12
2017/12/25,1.02375E+12
2017/12/26,1.02638E+12
2017/12/27,1.02804E+12
2017/12/28,1.03161E+12
2017/12/29,1.02626E+12
2018/1/2,1.02981E+12
2018/1/3,1.03165E+12
2018/1/4,1.03393E+12
2018/1/5,1.03378E+12
2018/1/8,1.03944E+12
2018/1/9,1.043E+12
2018/1/10,1.04775E+12
2018/1/11,1.05083E+12
2018/1/12,1.04868E+12
2018/1/15,1.05065E+12
2018/1/16,1.05602E+12
2018/1/17,1.05804E+12
2018/1/18,1.06542E+12
2018/1/19,1.06651E+12
2018/1/22,1.0717E+12
2018/1/23,1.07693E+12
2018/1/24,1.08136E+12
2018/1/25,1.08178E+12
2018/1/26,1.07954E+12
2018/1/29,1.08319E+12
2018/1/30,1.08341E+12
2018/1/31,1.0793E+12
2018/2/1,1.06696E+12
2018/2/2,1.05775E+12
2018/2/5,1.05598E+12
2018/2/6,1.03961E+12
2018/2/7,1.03401E+12
2018/2/8,1.03055E+12
2018/2/9,1.01227E+12
2018/2/12,1.00499E+12
2018/2/13,9.95971E+11
2018/2/14,9.8184E+11
2018/2/22,9.8761E+11
2018/2/23,9.878E+11
2018/2/26,9.93024E+11
2018/2/27,9.93909E+11
2018/2/28,9.95467E+11
2018/3/1,9.98522E+11
2018/3/2,9.97584E+11
2018/3/5,9.97407E+11
2018/3/6,1.00075E+12
2018/3/7,9.99936E+11
2018/3/8,1.00076E+12
2018/3/9,1.0001E+12
2018/3/12,1.00553E+12
2018/3/13,1.0057E+12
2018/3/14,1.00765E+12
2018/3/15,1.00894E+12
2018/3/16,1.00624E+12
2018/3/19,1.00789E+12
2018/3/20,1.00838E+12
2018/3/21,1.01061E+12
2018/3/22,1.0111E+12
2018/3/23,9.94577E+11
2018/3/26,9.98806E+11
2018/3/27,1.00127E+12
2018/3/28,1.00099E+12
2018/3/29,1.00322E+12
2018/3/30,1.00101E+12
2018/4/2,1.00425E+12
2018/4/3,1.00386E+12
2018/4/4,9.97686E+11
2018/4/9,1.00095E+12
2018/4/10,1.00018E+12
2018/4/11,1.00092E+12
2018/4/12,1.00109E+12
2018/4/13,9.99606E+11
2018/4/16,1.00118E+12
2018/4/17,9.98646E+11
2018/4/18,9.98644E+11
2018/4/19,9.96818E+11
2018/4/20,9.91493E+11
2018/4/23,9.92683E+11
2018/4/24,9.91231E+11
2018/4/25,9.92436E+11
2018/4/26,9.91393E+11
2018/4/27,9.84044E+11
2018/5/2,9.83491E+11
2018/5/3,9.82515E+11
2018/5/4,9.80226E+11
2018/5/7,9.82768E+11
2018/5/8,9.8424E+11
2018/5/9,9.86543E+11
2018/5/10,9.88795E+11
2018/5/11,9.85013E+11
2018/5/14,9.86E+11
2018/5/15,9.87048E+11
2018/5/16,9.87573E+11
2018/5/17,9.89389E+11
2018/5/18,9.87579E+11
2018/5/21,9.9105E+11
2018/5/22,9.94964E+11
2018/5/23,9.96908E+11
2018/5/24,9.98625E+11
2018/5/25,9.95051E+11
2018/5/28,9.9574E+11
2018/5/29,9.94486E+11
2018/5/30,9.89838E+11
2018/5/31,9.89177E+11
2018/6/1,9.84615E+11
2018/6/4,9.822E+11
2018/6/5,9.82438E+11
2018/6/6,9.8189E+11
2018/6/7,9.81928E+11
2018/6/8,9.78368E+11
2018/6/11,9.76908E+11
2018/6/12,9.76858E+11
2018/6/13,9.74136E+11
2018/6/14,9.73907E+11
2018/6/15,9.65356E+11
2018/6/19,9.43868E+11
2018/6/20,9.37824E+11
2018/6/21,9.3055E+11
2018/6/22,9.2546E+11
2018/6/25,9.23676E+11
2018/6/26,9.24119E+11
2018/6/27,9.22836E+11
2018/6/28,9.20711E+11
2018/6/29,9.19382E+11
2018/7/2,9.17529E+11
2018/7/3,9.19149E+11
2018/7/4,9.13758E+11
2018/7/5,9.08872E+11
2018/7/6,9.05353E+11
2018/7/9,9.0382E+11
2018/7/10,9.03307E+11
2018/7/11,8.98857E+11
2018/7/12,9.01184E+11
2018/7/13,8.97462E+11
2018/7/16,8.97853E+11
2018/7/17,8.98661E+11
2018/7/18,8.97975E+11
2018/7/19,8.96136E+11
2018/7/20,8.93647E+11
2018/7/23,8.92271E+11
2018/7/24,8.92101E+11
2018/7/25,8.93279E+11
2018/7/26,8.95262E+11
2018/7/27,8.9245E+11
2018/7/30,8.92309E+11
2018/7/31,8.9174E+11
2018/8/1,8.90211E+11
2018/8/2,8.87793E+11
2018/8/3,8.83401E+11
2018/8/6,8.80635E+11
2018/8/7,8.79037E+11
2018/8/8,8.76109E+11
2018/8/9,8.76912E+11
2018/8/10,8.73363E+11
2018/8/13,8.74639E+11
2018/8/14,8.75237E+11
2018/8/15,8.74917E+11
2018/8/16,8.74803E+11
2018/8/17,8.71008E+11
2018/8/20,8.69388E+11
2018/8/21,8.66684E+11
2018/8/22,8.64824E+11
2018/8/23,8.65112E+11
2018/8/24,8.62323E+11
2018/8/27,8.62671E+11
2018/8/28,8.62109E+11
2018/8/29,8.62319E+11
2018/8/30,8.61534E+11
2018/8/31,8.57574E+11
2018/9/3,8.57213E+11
2018/9/4,8.57512E+11
2018/9/5,8.56685E+11
2018/9/6,8.56809E+11
2018/9/7,8.5343E+11
2018/9/10,8.50573E+11
2018/9/11,8.49348E+11
2018/9/12,8.49441E+11
2018/9/13,8.49216E+11
2018/9/14,8.45077E+11
2018/9/17,8.43137E+11
2018/9/18,8.43414E+11
2018/9/19,8.40648E+11
2018/9/20,8.38272E+11
2018/9/21,8.34172E+11
2018/9/25,8.35078E+11
2018/9/26,8.33696E+11
2018/9/27,8.30922E+11
2018/9/28,8.2272E+11
2018/10/8,8.2733E+11
2018/10/9,8.27555E+11
2018/10/10,8.27315E+11
2018/10/11,8.1276E+11
2018/10/12,8.00213E+11
2018/10/15,7.95233E+11
2018/10/16,7.867E+11
2018/10/17,7.82248E+11
2018/10/18,7.77039E+11
2018/10/19,7.7215E+11
2018/10/22,7.73463E+11
2018/10/23,7.74316E+11
2018/10/24,7.7463E+11
2018/10/25,7.73784E+11
2018/10/26,7.71967E+11
2018/10/29,7.72673E+11
2018/10/30,7.70855E+11
2018/10/31,7.70193E+11
2018/11/1,7.70043E+11
2018/11/2,7.67586E+11
2018/11/5,7.69303E+11
2018/11/6,7.70359E+11
2018/11/7,7.70508E+11
2018/11/8,7.69879E+11
2018/11/9,7.69321E+11
2018/11/12,7.72189E+11
2018/11/13,7.73542E+11
2018/11/14,7.75399E+11
2018/11/15,7.77607E+11
2018/11/16,7.76313E+11
2018/11/19,7.79362E+11
2018/11/20,7.81493E+11
2018/11/21,7.81796E+11
2018/11/22,7.82204E+11
2018/11/23,7.76482E+11