DateTime,Shibor
2006/10/8,2.1184
2006/10/9,2.099
2006/10/10,2.0922
2006/10/11,2.0955
2006/10/12,2.0943
2006/10/13,2.0889
2006/10/16,2.0801
2006/10/17,2.0746
2006/10/18,2.0723
2006/10/19,2.0667
2006/10/20,2.0665
2006/10/23,2.0573
2006/10/24,2.0569
2006/10/25,2.0592
2006/10/26,2.117
2006/10/27,2.1568
2006/10/30,2.16
2006/10/31,2.1885
2006/11/1,2.2023
2006/11/2,2.2057
2006/11/3,2.2055
2006/11/6,2.2312
2006/11/7,2.3023
2006/11/8,2.4264
2006/11/9,2.5177
2006/11/10,2.6198
2006/11/13,2.8071
2006/11/14,3.6074
2006/11/15,3.5355
2006/11/16,3.2292
2006/11/17,3.1918
2006/11/20,3.2645
2006/11/21,3.4289
2006/11/22,3.5158
2006/11/23,3.5399
2006/11/24,3.5101
2006/11/27,3.205
2006/11/28,2.7744
2006/11/29,2.5547
2006/11/30,2.4161
2006/12/1,2.337
2006/12/4,2.1803
2006/12/5,2.1095
2006/12/6,2.064
2006/12/7,2.0063
2006/12/8,1.9919
2006/12/11,1.9914
2006/12/12,1.9181
2006/12/13,1.8931
2006/12/14,1.8589
2006/12/15,1.7777
2006/12/18,1.7247
2006/12/19,1.6566
2006/12/20,1.613
2006/12/21,1.6015
2006/12/22,1.6311
2006/12/25,1.6123
2006/12/26,1.6431
2006/12/27,1.7185
2006/12/28,1.7107
2006/12/29,1.7203
2006/12/30,1.5651
2006/12/31,1.5675
2007/1/4,1.431
2007/1/5,1.4047
2007/1/8,1.3721
2007/1/9,1.3546
2007/1/10,1.3519
2007/1/11,1.3344
2007/1/12,1.3051
2007/1/15,1.2997
2007/1/16,1.2809
2007/1/17,1.3171
2007/1/18,1.4236
2007/1/19,1.4126
2007/1/22,1.4197
2007/1/23,1.5972
2007/1/24,1.7079
2007/1/25,1.7541
2007/1/26,1.7889
2007/1/29,1.783
2007/1/30,1.7838
2007/1/31,1.778
2007/2/1,1.7602
2007/2/2,1.7549
2007/2/5,1.7593
2007/2/6,1.7848
2007/2/7,1.8392
2007/2/8,1.8983
2007/2/9,2.7851
2007/2/12,4.0016
2007/2/13,3.3685
2007/2/14,4.0174
2007/2/15,3.0934
2007/2/16,1.994
2007/2/17,1.5143
2007/2/25,1.8147
2007/2/26,1.792
2007/2/27,1.6928
2007/2/28,1.6526
2007/3/1,1.5903
2007/3/2,1.5194
2007/3/5,1.4999
2007/3/6,1.4683
2007/3/7,1.4375
2007/3/8,1.4153
2007/3/9,1.3952
2007/3/12,1.38
2007/3/13,1.3643
2007/3/14,1.3535
2007/3/15,1.3513
2007/3/16,1.4088
2007/3/19,1.5313
2007/3/20,1.5551
2007/3/21,1.6077
2007/3/22,1.6487
2007/3/23,1.6871
2007/3/26,1.7466
2007/3/27,1.7397
2007/3/28,1.8016
2007/3/29,1.8039
2007/3/30,1.8057
2007/4/2,1.8019
2007/4/3,1.7945
2007/4/4,1.7932
2007/4/5,1.8913
2007/4/6,1.9959
2007/4/9,2.0004
2007/4/10,2.011
2007/4/11,2.031
2007/4/12,2.0319
2007/4/13,2.1153
2007/4/16,2.4598
2007/4/17,2.465
2007/4/18,2.4762
2007/4/19,3.0403
2007/4/20,3.3562
2007/4/23,3.3857
2007/4/24,3.501
2007/4/25,3.5071
2007/4/26,3.019
2007/4/27,2.5129
2007/4/28,1.9807
2007/4/29,1.671
2007/4/30,1.6303
2007/5/8,1.6507
2007/5/9,1.6777
2007/5/10,1.7021
2007/5/11,1.9034
2007/5/14,2.0008
2007/5/15,1.9204
2007/5/16,1.9246
2007/5/17,1.9076
2007/5/18,1.8502
2007/5/21,1.8403
2007/5/22,1.8086
2007/5/23,1.8002
2007/5/24,1.7905
2007/5/25,1.809
2007/5/28,1.7965
2007/5/29,1.7925
2007/5/30,1.7967
2007/5/31,1.7986
2007/6/1,2.1005
2007/6/4,2.0487
2007/6/5,2.0477
2007/6/6,2.0179
2007/6/7,1.9837
2007/6/8,1.927
2007/6/11,1.8869
2007/6/12,1.8618
2007/6/13,1.8285
2007/6/14,1.8359
2007/6/15,1.9088
2007/6/18,2.5378
2007/6/19,2.604
2007/6/20,2.6731
2007/6/21,2.3304
2007/6/22,2.1041
2007/6/25,1.9006
2007/6/26,1.7917
2007/6/27,1.7241
2007/6/28,1.6741
2007/6/29,1.7784
2007/7/2,1.7867
2007/7/3,2.3693
2007/7/4,2.3407
2007/7/5,2.3226
2007/7/6,2.3088
2007/7/9,2.2445
2007/7/10,2.6546
2007/7/11,2.579
2007/7/12,2.5502
2007/7/13,2.5338
2007/7/16,2.4398
2007/7/17,2.3874
2007/7/18,2.1915
2007/7/19,1.9627
2007/7/20,1.8821
2007/7/23,1.8488
2007/7/24,1.8565
2007/7/25,1.8441
2007/7/26,1.8207
2007/7/27,1.851
2007/7/30,1.8368
2007/7/31,2.0376
2007/8/1,2.0267
2007/8/2,1.9919
2007/8/3,1.9773
2007/8/6,1.9671
2007/8/7,1.9455
2007/8/8,1.9807
2007/8/9,1.9461
2007/8/10,1.8763
2007/8/13,1.8548
2007/8/14,1.9909
2007/8/15,1.9163
2007/8/16,1.8084
2007/8/17,1.7703
2007/8/20,1.7381
2007/8/21,1.72
2007/8/22,2.1618
2007/8/23,2.1632
2007/8/24,1.843
2007/8/27,1.7498
2007/8/28,1.8873
2007/8/29,1.9409
2007/8/30,1.882
2007/8/31,1.8626
2007/9/3,1.8197
2007/9/4,1.886
2007/9/5,1.8122
2007/9/6,1.8198
2007/9/7,2.0446
2007/9/10,2.2581
2007/9/11,2.8184
2007/9/12,2.8864
2007/9/13,3.0194
2007/9/14,4.0206
2007/9/17,3.2914
2007/9/18,3.1432
2007/9/19,3.2635
2007/9/20,3.776
2007/9/21,4.2018
2007/9/24,3.809
2007/9/25,3.7234
2007/9/26,3.9055
2007/9/27,2.6627
2007/9/28,2.115
2007/9/29,2.0026
2007/9/30,1.9925
2007/10/8,1.9981
2007/10/9,1.9948
2007/10/10,1.8974
2007/10/11,1.9194
2007/10/12,1.912
2007/10/15,1.8986
2007/10/16,1.9072
2007/10/17,1.8968
2007/10/18,1.8977
2007/10/19,1.9301
2007/10/22,1.9517
2007/10/23,2.2086
2007/10/24,3.5629
2007/10/25,5.0844
2007/10/26,8.5282
2007/10/29,2.9014
2007/10/30,2.8379
2007/10/31,2.8928
2007/11/1,2.9161
2007/11/2,2.3098
2007/11/5,2.2977
2007/11/6,2.2918
2007/11/7,1.8649
2007/11/8,1.946
2007/11/9,1.8902
2007/11/12,1.8865
2007/11/13,1.8839
2007/11/14,1.8568
2007/11/15,2.0909
2007/11/16,1.9107
2007/11/19,1.8938
2007/11/20,1.8926
2007/11/21,1.8948
2007/11/22,1.9018
2007/11/23,1.9025
2007/11/26,1.8833
2007/11/27,1.8921
2007/11/28,1.8946
2007/11/29,1.8809
2007/11/30,1.8635
2007/12/3,1.8468
2007/12/4,1.8517
2007/12/5,1.872
2007/12/6,1.876
2007/12/7,1.8973
2007/12/10,1.9118
2007/12/11,1.9135
2007/12/12,1.9087
2007/12/13,1.9052
2007/12/14,1.9039
2007/12/17,1.903
2007/12/18,1.8812
2007/12/19,1.8955
2007/12/20,1.8914
2007/12/21,1.8928
2007/12/24,1.88
2007/12/25,1.9094
2007/12/26,1.9167
2007/12/27,1.8421
2007/12/28,1.8181
2007/12/29,2.2894
2008/1/2,2.5844
2008/1/3,2.299
2008/1/4,2.299
2008/1/7,2.2723
2008/1/8,2.0744
2008/1/9,1.9088
2008/1/10,1.8859
2008/1/11,1.8842
2008/1/14,1.8729
2008/1/15,1.8755
2008/1/16,1.8796
2008/1/17,1.8789
2008/1/18,1.8784
2008/1/21,1.8711
2008/1/22,1.8821
2008/1/23,1.8803
2008/1/24,1.8817
2008/1/25,1.873
2008/1/28,1.8786
2008/1/29,1.8898
2008/1/30,1.8928
2008/1/31,1.9881
2008/2/1,1.9958
2008/2/2,1.9967
2008/2/3,1.997
2008/2/4,1.9996
2008/2/5,2.2712
2008/2/13,2.2381
2008/2/14,2.208
2008/2/15,2.1937
2008/2/18,2.1832
2008/2/19,2.185
2008/2/20,2.2982
2008/2/21,2.4054
2008/2/22,2.4006
2008/2/25,2.39
2008/2/26,2.4373
2008/2/27,2.4928
2008/2/28,2.4822
2008/2/29,2.4847
2008/3/3,2.4325
2008/3/4,1.9427
2008/3/5,1.9392
2008/3/6,1.9307
2008/3/7,1.9251
2008/3/10,1.9239
2008/3/11,1.9131
2008/3/12,1.9055
2008/3/13,1.8924
2008/3/14,2.2537
2008/3/17,2.1881
2008/3/18,2.1643
2008/3/19,2.1608
2008/3/20,2.1344
2008/3/21,2.2891
2008/3/24,2.0503
2008/3/25,2.0387
2008/3/26,2.0751
2008/3/27,2.0737
2008/3/28,2.2597
2008/3/31,2.2848
2008/4/1,2.5914
2008/4/2,2.3718
2008/4/3,2.361
2008/4/7,2.3238
2008/4/8,2.3385
2008/4/9,2.3514
2008/4/10,2.3665
2008/4/11,2.3438
2008/4/14,2.3969
2008/4/15,2.3963
2008/4/16,2.3949
2008/4/17,2.3958
2008/4/18,2.3197
2008/4/21,2.2421
2008/4/22,2.1281
2008/4/23,2.1124
2008/4/24,2.0911
2008/4/25,2.1129
2008/4/28,2.1279
2008/4/29,2.138
2008/4/30,2.166
2008/5/4,2.1934
2008/5/5,2.2528
2008/5/6,2.3211
2008/5/7,2.3472
2008/5/8,2.356
2008/5/9,2.362
2008/5/12,2.4027
2008/5/13,2.4504
2008/5/14,2.5267
2008/5/15,2.5295
2008/5/16,2.57
2008/5/19,2.6057
2008/5/20,2.6246
2008/5/21,2.6445
2008/5/22,2.6466
2008/5/23,2.6389
2008/5/26,2.7208
2008/5/27,2.8719
2008/5/28,2.1824
2008/5/29,2.4972
2008/5/30,2.8565
2008/6/2,2.8555
2008/6/3,2.8542
2008/6/4,2.8719
2008/6/5,2.8987
2008/6/6,2.9689
2008/6/10,3.4417
2008/6/11,3.5199
2008/6/12,3.4161
2008/6/13,2.6442
2008/6/16,2.3994
2008/6/17,2.4708
2008/6/18,2.5448
2008/6/19,2.5426
2008/6/20,2.6635
2008/6/23,2.6813
2008/6/24,2.6883
2008/6/25,2.6481
2008/6/26,2.6614
2008/6/27,2.8
2008/6/30,2.7949
2008/7/1,2.5006
2008/7/2,2.7238
2008/7/3,2.5762
2008/7/4,2.5632
2008/7/7,2.5679
2008/7/8,2.5501
2008/7/9,2.5282
2008/7/10,2.4904
2008/7/11,2.3473
2008/7/14,2.3226
2008/7/15,2.3763
2008/7/16,2.4884
2008/7/17,2.492
2008/7/18,2.5009
2008/7/21,2.5052
2008/7/22,2.5041
2008/7/23,2.5007
2008/7/24,2.5209
2008/7/25,2.5192
2008/7/28,2.5167
2008/7/29,2.5305
2008/7/30,2.5236
2008/7/31,2.5276
2008/8/1,2.7765
2008/8/4,2.7898
2008/8/5,2.7902
2008/8/6,2.79
2008/8/7,2.7863
2008/8/8,2.7837
2008/8/11,2.7521
2008/8/12,2.7284
2008/8/13,2.7029
2008/8/14,2.5299
2008/8/15,2.5483
2008/8/18,2.5867
2008/8/19,2.5921
2008/8/20,2.5763
2008/8/21,2.5613
2008/8/22,2.5642
2008/8/25,2.5667
2008/8/26,2.565
2008/8/27,2.6188
2008/8/28,2.6347
2008/8/29,2.6359
2008/9/1,2.63
2008/9/2,2.6607
2008/9/3,2.6633
2008/9/4,2.6648
2008/9/5,2.6569
2008/9/8,2.629
2008/9/9,2.6154
2008/9/10,2.6178
2008/9/11,2.6145
2008/9/12,2.6175
2008/9/16,2.6109
2008/9/17,2.6196
2008/9/18,2.6981
2008/9/19,2.985
2008/9/22,3.041
2008/9/23,3.005
2008/9/24,3.0141
2008/9/25,2.8323
2008/9/26,2.8442
2008/9/27,2.8192
2008/9/28,3.2209
2008/10/6,3.1955
2008/10/7,3.1992
2008/10/8,2.9279
2008/10/9,2.7979
2008/10/10,2.7988
2008/10/13,2.5986
2008/10/14,2.5576
2008/10/15,2.3588
2008/10/16,2.3929
2008/10/17,2.2908
2008/10/20,2.2938
2008/10/21,2.2971
2008/10/22,2.2921
2008/10/23,2.2958
2008/10/24,2.2946
2008/10/27,2.295
2008/10/28,2.2946
2008/10/29,2.2963
2008/10/30,2.2942
2008/10/31,2.2921
2008/11/3,2.2938
2008/11/4,2.3342
2008/11/5,2.1942
2008/11/6,2.2463
2008/11/7,2.2462
2008/11/10,2.1788
2008/11/11,2.1921
2008/11/12,2.1938
2008/11/13,2.2042
2008/11/14,2.1658
2008/11/17,2.1938
2008/11/18,2.2175
2008/11/19,2.2175
2008/11/20,2.2425
2008/11/21,2.1875
2008/11/24,2.1958
2008/11/25,2.195
2008/11/26,2.2046
2008/11/27,1.5492
2008/11/28,1.5942
2008/12/1,1.4992
2008/12/2,1.4933
2008/12/3,1.494
2008/12/4,1.4936
2008/12/5,1.435
2008/12/8,1.43
2008/12/9,1.4092
2008/12/10,1.1433
2008/12/11,1.1156
2008/12/12,1.1071
2008/12/15,1.0938
2008/12/16,1.0321
2008/12/17,0.9612
2008/12/18,0.9449
2008/12/19,0.9221
2008/12/22,0.9133
2008/12/23,0.91
2008/12/24,0.9004
2008/12/25,0.9046
2008/12/26,0.8993
2008/12/29,0.8889
2008/12/30,0.8892
2008/12/31,0.9471
2009/1/4,0.9117
2009/1/5,0.9086
2009/1/6,0.8967
2009/1/7,0.8894
2009/1/8,0.8829
2009/1/9,0.8363
2009/1/12,0.8333
2009/1/13,0.8217
2009/1/14,0.8204
2009/1/15,0.82
2009/1/16,0.8136
2009/1/19,0.8142
2009/1/20,0.8167
2009/1/21,0.9133
2009/1/22,0.8942
2009/1/23,0.8775
2009/1/24,0.9283
2009/2/1,0.925
2009/2/2,0.8063
2009/2/3,0.8264
2009/2/4,0.8156
2009/2/5,0.8263
2009/2/6,0.8242
2009/2/9,0.8328
2009/2/10,0.8321
2009/2/11,0.8388
2009/2/12,0.8292
2009/2/13,0.8346
2009/2/16,0.8204
2009/2/17,0.8196
2009/2/18,0.8163
2009/2/19,0.8238
2009/2/20,0.8213
2009/2/23,0.8238
2009/2/24,0.815
2009/2/25,0.8113
2009/2/26,0.8067
2009/2/27,0.8067
2009/3/2,0.8046
2009/3/3,0.8025
2009/3/4,0.8008
2009/3/5,0.8025
2009/3/6,0.8008
2009/3/9,0.8067
2009/3/10,0.8033
2009/3/11,0.8042
2009/3/12,0.8033
2009/3/13,0.8029
2009/3/16,0.8046
2009/3/17,0.8046
2009/3/18,0.8042
2009/3/19,0.8063
2009/3/20,0.8046
2009/3/23,0.8058
2009/3/24,0.8033
2009/3/25,0.8025
2009/3/26,0.8029
2009/3/27,0.8021
2009/3/30,0.8038
2009/3/31,0.8025
2009/4/1,0.8025
2009/4/2,0.8033
2009/4/3,0.8021
2009/4/7,0.8021
2009/4/8,0.8021
2009/4/9,0.8025
2009/4/10,0.8021
2009/4/13,0.8025
2009/4/14,0.8008
2009/4/15,0.8013
2009/4/16,0.8008
2009/4/17,0.8029
2009/4/20,0.8013
2009/4/21,0.8233
2009/4/22,0.8296
2009/4/23,0.8129
2009/4/24,0.8129
2009/4/27,0.8121
2009/4/28,0.8079
2009/4/29,0.8083
2009/4/30,0.8067
2009/5/4,0.8138
2009/5/5,0.81
2009/5/6,0.8092
2009/5/7,0.8083
2009/5/8,0.8079
2009/5/11,0.8067
2009/5/12,0.8071
2009/5/13,0.8079
2009/5/14,0.8079
2009/5/15,0.81
2009/5/18,0.8104
2009/5/19,0.8096
2009/5/20,0.8104
2009/5/21,0.8104
2009/5/22,0.8108
2009/5/25,0.8104
2009/5/26,0.8129
2009/5/27,0.8133
2009/5/31,0.8117
2009/6/1,0.8129
2009/6/2,0.8133
2009/6/3,0.8142
2009/6/4,0.8113
2009/6/5,0.8121
2009/6/8,0.8121
2009/6/9,0.8117
2009/6/10,0.8163
2009/6/11,0.8142
2009/6/12,0.815
2009/6/15,0.8179
2009/6/16,0.8171
2009/6/17,0.8304
2009/6/18,0.845
2009/6/19,0.9025
2009/6/22,0.9479
2009/6/23,0.9579
2009/6/24,0.9575
2009/6/25,0.9588
2009/6/26,0.9621
2009/6/29,1
2009/6/30,1.09
2009/7/1,1.0975
2009/7/2,1.0958
2009/7/3,1.0954
2009/7/6,1.0938
2009/7/7,1.0933
2009/7/8,1.0958
2009/7/9,1.095
2009/7/10,1.0971
2009/7/13,1.1428
2009/7/14,1.1446
2009/7/15,1.1496
2009/7/16,1.1871
2009/7/17,1.3763
2009/7/20,1.3625
2009/7/21,1.4963
2009/7/22,1.5013
2009/7/23,1.4871
2009/7/24,1.4579
2009/7/27,1.4442
2009/7/28,1.4083
2009/7/29,1.2429
2009/7/30,1.3475
2009/7/31,1.2992
2009/8/3,1.3246
2009/8/4,1.3225
2009/8/5,1.3183
2009/8/6,1.3183
2009/8/7,1.3158
2009/8/10,1.3113
2009/8/11,1.2967
2009/8/12,1.1546
2009/8/13,1.1558
2009/8/14,1.1467
2009/8/17,1.1575
2009/8/18,1.1346
2009/8/19,1.098
2009/8/20,1.0925
2009/8/21,1.09
2009/8/24,1.055
2009/8/25,0.9933
2009/8/26,0.995
2009/8/27,1.0083
2009/8/28,1.0108
2009/8/31,0.9975
2009/9/1,0.9992
2009/9/2,1.0846
2009/9/3,1.0933
2009/9/4,1.0983
2009/9/7,1.095
2009/9/8,1.0963
2009/9/9,1.0925
2009/9/10,1.0892
2009/9/11,1.0933
2009/9/14,1.0913
2009/9/15,1.1298
2009/9/16,1.1925
2009/9/17,1.2475
2009/9/18,1.2583
2009/9/21,1.2575
2009/9/22,1.2675
2009/9/23,1.2933
2009/9/24,1.3013
2009/9/25,1.3133
2009/9/27,1.3088
2009/9/28,1.3146
2009/9/29,1.3211
2009/9/30,1.7742
2009/10/9,1.6917
2009/10/10,1.3654
2009/10/12,1.2671
2009/10/13,1.2642
2009/10/14,1.2625
2009/10/15,1.2638
2009/10/16,1.2608
2009/10/19,1.2554
2009/10/20,1.2254
2009/10/21,1.195
2009/10/22,1.1917
2009/10/23,1.1867
2009/10/26,1.1758
2009/10/27,1.1467
2009/10/28,1.1446
2009/10/29,1.1415
2009/10/30,1.1379
2009/11/2,1.1358
2009/11/3,1.1367
2009/11/4,1.1417
2009/11/5,1.2129
2009/11/6,1.2146
2009/11/9,1.2058
2009/11/10,1.2332
2009/11/11,1.2258
2009/11/12,1.2275
2009/11/13,1.2171
2009/11/16,1.2104
2009/11/17,1.2
2009/11/18,1.1946
2009/11/19,1.1938
2009/11/20,1.1925
2009/11/23,1.1888
2009/11/24,1.1858
2009/11/25,1.1879
2009/11/26,1.1863
2009/11/27,1.1871
2009/11/30,1.1892
2009/12/1,1.2525
2009/12/2,1.2454
2009/12/3,1.2333
2009/12/4,1.2183
2009/12/7,1.2098
2009/12/8,1.2054
2009/12/9,1.1971
2009/12/10,1.1875
2009/12/11,1.1763
2009/12/14,1.1733
2009/12/15,1.1667
2009/12/16,1.1625
2009/12/17,1.165
2009/12/18,1.1669
2009/12/21,1.1613
2009/12/22,1.1529
2009/12/23,1.1554
2009/12/24,1.1554
2009/12/25,1.15
2009/12/28,1.1529
2009/12/29,1.1492
2009/12/30,1.1488
2009/12/31,1.1467
2010/1/4,1.1175
2010/1/5,1.115
2010/1/6,1.1183
2010/1/7,1.0797
2010/1/8,1.0608
2010/1/11,1.0471
2010/1/12,1.0336
2010/1/13,1.0854
2010/1/14,1.0475
2010/1/15,1.0283
2010/1/18,1.0271
2010/1/19,1.0271
2010/1/20,1.0275
2010/1/21,1.0283
2010/1/22,1.0423
2010/1/25,1.1879
2010/1/26,1.1958
2010/1/27,1.315
2010/1/28,1.3588
2010/1/29,1.3592
2010/2/1,1.3546
2010/2/2,1.3575
2010/2/3,1.3567
2010/2/4,1.3575
2010/2/5,1.3583
2010/2/8,1.3567
2010/2/9,1.405
2010/2/10,1.4992
2010/2/11,2.4967
2010/2/12,2.2538
2010/2/20,1.9858
2010/2/21,1.4815
2010/2/22,1.4313
2010/2/23,1.4321
2010/2/24,1.4375
2010/2/25,1.4521
2010/2/26,1.4315
2010/3/1,1.4295
2010/3/2,1.4242
2010/3/3,1.4075
2010/3/4,1.4017
2010/3/5,1.3842
2010/3/8,1.3785
2010/3/9,1.3663
2010/3/10,1.3592
2010/3/11,1.3563
2010/3/12,1.3446
2010/3/15,1.3375
2010/3/16,1.3354
2010/3/17,1.3275
2010/3/18,1.3246
2010/3/19,1.3238
2010/3/22,1.3163
2010/3/23,1.3146
2010/3/24,1.3133
2010/3/25,1.3083
2010/3/26,1.3042
2010/3/29,1.3025
2010/3/30,1.2946
2010/3/31,1.3388
2010/4/1,1.3045
2010/4/2,1.3125
2010/4/6,1.3096
2010/4/7,1.2971
2010/4/8,1.2925
2010/4/9,1.2913
2010/4/12,1.2842
2010/4/13,1.2833
2010/4/14,1.2838
2010/4/15,1.2813
2010/4/16,1.2874
2010/4/19,1.2875
2010/4/20,1.2896
2010/4/21,1.2917
2010/4/22,1.2933
2010/4/23,1.2888
2010/4/26,1.2896
2010/4/27,1.3319
2010/4/28,1.3425
2010/4/29,1.3529
2010/4/30,1.3973
2010/5/4,1.3979
2010/5/5,1.4093
2010/5/6,1.4088
2010/5/7,1.4088
2010/5/10,1.5054
2010/5/11,1.5042
2010/5/12,1.5008
2010/5/13,1.4983
2010/5/14,1.5
2010/5/17,1.5433
2010/5/18,1.5438
2010/5/19,1.5454
2010/5/20,1.5502
2010/5/21,1.6588
2010/5/24,1.7425
2010/5/25,1.855
2010/5/26,2.1592
2010/5/27,2.32
2010/5/28,2.21
2010/5/31,2.3725
2010/6/1,2.7408
2010/6/2,2.7654
2010/6/3,2.7513
2010/6/4,2.1024
2010/6/7,1.7041
2010/6/8,1.8413
2010/6/9,1.8454
2010/6/10,1.935
2010/6/11,1.9788
2010/6/12,2.2053
2010/6/13,2.1892
2010/6/17,2.18
2010/6/18,2.2142
2010/6/21,2.2292
2010/6/22,2.2463
2010/6/23,2.2408
2010/6/24,2.3067
2010/6/25,2.2933
2010/6/28,2.2883
2010/6/29,2.2785
2010/6/30,2.2683
2010/7/1,2.2492
2010/7/2,2.1942
2010/7/5,2.165
2010/7/6,2.1567
2010/7/7,2.1291
2010/7/8,1.9842
2010/7/9,1.7206
2010/7/12,1.6916
2010/7/13,1.6479
2010/7/14,1.5186
2010/7/15,1.4608
2010/7/16,1.4433
2010/7/19,1.4442
2010/7/20,1.4763
2010/7/21,1.4729
2010/7/22,1.4483
2010/7/23,1.4275
2010/7/26,1.4679
2010/7/27,1.4404
2010/7/28,1.4433
2010/7/29,1.4446
2010/7/30,1.4696
2010/8/2,1.4696
2010/8/3,1.4675
2010/8/4,1.4729
2010/8/5,1.4725
2010/8/6,1.4692
2010/8/9,1.4658
2010/8/10,1.4658
2010/8/11,1.4688
2010/8/12,1.4729
2010/8/13,1.4729
2010/8/16,1.4717
2010/8/17,1.4717
2010/8/18,1.4946
2010/8/19,1.5204
2010/8/20,1.5379
2010/8/23,1.4967
2010/8/24,1.5171
2010/8/25,1.5417
2010/8/26,1.6317
2010/8/27,1.9563
2010/8/30,2.0533
2010/8/31,2.32
2010/9/1,2.535
2010/9/2,1.9806
2010/9/3,1.9792
2010/9/6,1.9729
2010/9/7,1.84
2010/9/8,1.7054
2010/9/9,1.6383
2010/9/10,1.5583
2010/9/13,1.4963
2010/9/14,1.5988
2010/9/15,1.6696
2010/9/16,1.6588
2010/9/17,1.5204
2010/9/19,1.453
2010/9/20,1.6446
2010/9/21,1.8069
2010/9/25,1.8971
2010/9/26,1.7735
2010/9/27,1.7123
2010/9/28,1.7814
2010/9/29,1.7466
2010/9/30,2.5975
2010/10/8,1.7325
2010/10/9,1.7299
2010/10/11,1.6683
2010/10/12,1.6375
2010/10/13,1.6358
2010/10/14,1.6187
2010/10/15,1.5925
2010/10/18,1.5946
2010/10/19,1.5929
2010/10/20,1.5958
2010/10/21,1.5913
2010/10/22,1.5904
2010/10/25,1.5829
2010/10/26,1.5283
2010/10/27,1.5233
2010/10/28,1.5238
2010/10/29,1.5842
2010/11/1,1.5833
2010/11/2,1.5788
2010/11/3,1.5738
2010/11/4,1.5592
2010/11/5,1.5325
2010/11/8,1.5288
2010/11/9,1.5208
2010/11/10,1.5188
2010/11/11,1.52
2010/11/12,1.5258
2010/11/15,1.5921
2010/11/16,1.6508
2010/11/17,1.7292
2010/11/18,1.8029
2010/11/19,1.8188
2010/11/22,1.96
2010/11/23,1.9815
2010/11/24,1.9055
2010/11/25,1.8913
2010/11/26,1.8925
2010/11/29,1.9217
2010/11/30,2.13
2010/12/1,2.23
2010/12/2,2.2372
2010/12/3,1.9982
2010/12/6,1.88
2010/12/7,1.9858
2010/12/8,2.0979
2010/12/9,2.0092
2010/12/10,2.0108
2010/12/13,2.0067
2010/12/14,1.9985
2010/12/15,2.0158
2010/12/16,2.0008
2010/12/17,1.9954
2010/12/20,2.1035
2010/12/21,2.3521
2010/12/22,2.5533
2010/12/23,3.255
2010/12/24,4.2583
2010/12/27,4.5079
2010/12/28,4.5954
2010/12/29,4.7588
2010/12/30,5.0996
2010/12/31,4.5217
2011/1/4,2.9308
2011/1/5,2.68
2011/1/6,2.1804
2011/1/7,2.12
2011/1/10,2.01
2011/1/11,1.98
2011/1/12,1.9625
2011/1/13,1.9157
2011/1/14,1.9217
2011/1/17,1.9258
2011/1/18,1.9971
2011/1/19,2.6275
2011/1/20,5.7083
2011/1/21,5.7242
2011/1/24,5.0408
2011/1/25,7.2042
2011/1/26,7.7608
2011/1/27,7.9997
2011/1/28,7.6992
2011/1/30,7.9833
2011/1/31,5.0142
2011/2/1,3.3458
2011/2/9,3.8475
2011/2/10,2.8758
2011/2/11,2.885
2011/2/12,2.595
2011/2/14,2.31
2011/2/15,2.31
2011/2/16,2.3008
2011/2/17,2.1867
2011/2/18,2.1075
2011/2/21,2.1783
2011/2/22,2.0167
2011/2/23,1.995
2011/2/24,2.2892
2011/2/25,2.7028
2011/2/28,2.3783
2011/3/1,2.1875
2011/3/2,2.0183
2011/3/3,1.9419
2011/3/4,1.8933
2011/3/7,1.7858
2011/3/8,1.6917
2011/3/9,1.6875
2011/3/10,1.6792
2011/3/11,1.6858
2011/3/14,1.6875
2011/3/15,1.6804
2011/3/16,1.6783
2011/3/17,1.6733
2011/3/18,1.6692
2011/3/21,1.9242
2011/3/22,1.9158
2011/3/23,1.8992
2011/3/24,1.879
2011/3/25,1.8675
2011/3/28,1.7883
2011/3/29,1.7883
2011/3/30,1.7858
2011/3/31,1.7992
2011/4/1,1.7922
2011/4/2,1.7802
2011/4/6,1.7829
2011/4/7,1.7717
2011/4/8,1.7663
2011/4/11,1.7571
2011/4/12,1.7452
2011/4/13,1.7361
2011/4/14,1.7338
2011/4/15,1.7282
2011/4/18,1.7629
2011/4/19,1.7637
2011/4/20,1.7569
2011/4/21,3.5333
2011/4/22,3.0775
2011/4/25,2.6958
2011/4/26,2.6792
2011/4/27,2.0233
2011/4/28,2.0242
2011/4/29,2.4992
2011/5/3,2.5525
2011/5/4,2.5167
2011/5/5,1.9942
2011/5/6,1.9938
2011/5/9,2.12
2011/5/10,2.11
2011/5/11,2.1006
2011/5/12,2.0858
2011/5/13,2.0892
2011/5/16,2.0908
2011/5/17,2.0992
2011/5/18,3.1492
2011/5/19,3.5467
2011/5/20,4.005
2011/5/23,4.0008
2011/5/24,4.4767
2011/5/25,4.9992
2011/5/26,4.8533
2011/5/27,2.8362
2011/5/30,2.55
2011/5/31,3.8433
2011/6/1,3.1454
2011/6/2,2.8436
2011/6/3,2.505
2011/6/7,2.9967
2011/6/8,3.6663
2011/6/9,3.7858
2011/6/10,3.8167
2011/6/13,3.8025
2011/6/14,3.4842
2011/6/15,3.9878
2011/6/16,3.9957
2011/6/17,3.985
2011/6/20,6.955
2011/6/21,7.1375
2011/6/22,7.47
2011/6/23,7.3325
2011/6/24,7.0502
2011/6/27,6.1117
2011/6/28,5.0554
2011/6/29,5.035
2011/6/30,4.9983
2011/7/1,4.7297
2011/7/4,2.8505
2011/7/5,5.8392
2011/7/6,5.5817
2011/7/7,4.8292
2011/7/8,4.9983
2011/7/11,4.015
2011/7/12,2.4325
2011/7/13,3.4525
2011/7/14,4.2217
2011/7/15,3.8683
2011/7/18,3.6367
2011/7/19,4.43
2011/7/20,4.7383
2011/7/21,5.4208
2011/7/22,5.2967
2011/7/25,5.1408
2011/7/26,4.615
2011/7/27,4.1483
2011/7/28,3.6367
2011/7/29,3.4817
2011/8/1,3.0263
2011/8/2,2.8121
2011/8/3,2.8133
2011/8/4,2.8442
2011/8/5,2.8175
2011/8/8,2.7286
2011/8/9,2.7368
2011/8/10,3.0425
2011/8/11,2.7438
2011/8/12,2.7942
2011/8/15,2.8492
2011/8/16,2.9871
2011/8/17,2.9992
2011/8/18,3.4425
2011/8/19,3.6892
2011/8/22,4.03
2011/8/23,4.2306
2011/8/24,3.7683
2011/8/25,3.3377
2011/8/26,3.2235
2011/8/29,3.165
2011/8/30,3.4308
2011/8/31,3.3538
2011/9/1,3.4192
2011/9/2,3.4808
2011/9/5,3.8892
2011/9/6,2.9975
2011/9/7,3.0546
2011/9/8,3.1058
2011/9/9,3.0408
2011/9/13,2.9525
2011/9/14,2.9575
2011/9/15,3.1933
2011/9/16,3.19
2011/9/19,3.4777
2011/9/20,3.7975
2011/9/21,3.7346
2011/9/22,3.5042
2011/9/23,3.2942
2011/9/26,3.0958
2011/9/27,4.055
2011/9/28,3.9917
2011/9/29,3.8721
2011/9/30,4.8925
2011/10/8,4.8604
2011/10/9,4.5642
2011/10/10,3.8192
2011/10/11,3.4417
2011/10/12,2.995
2011/10/13,2.9642
2011/10/14,2.88
2011/10/17,2.8075
2011/10/18,2.8308
2011/10/19,2.8963
2011/10/20,3.01
2011/10/21,3.0738
2011/10/24,3.065
2011/10/25,3.5983
2011/10/26,3.9983
2011/10/27,4.1875
2011/10/28,4.8983
2011/10/31,4.695
2011/11/1,3.3025
2011/11/2,3.0964
2011/11/3,3.09
2011/11/4,3.09
2011/11/7,3.0933
2011/11/8,3.1117
2011/11/9,3.1167
2011/11/10,3.1254
2011/11/11,2.8233
2011/11/14,2.8988
2011/11/15,2.9125
2011/11/16,2.925
2011/11/17,3.2292
2011/11/18,3.4225
2011/11/21,3.6033
2011/11/22,3.8342
2011/11/23,3.9567
2011/11/24,3.9467
2011/11/25,4.0192
2011/11/28,3.7075
2011/11/29,3.4086
2011/11/30,3.425
2011/12/1,2.9775
2011/12/2,2.9723
2011/12/5,2.8567
2011/12/6,2.8504
2011/12/7,2.8696
2011/12/8,2.8596
2011/12/9,2.89
2011/12/12,2.9475
2011/12/13,2.9513
2011/12/14,2.9158
2011/12/15,2.9483
2011/12/16,2.8758
2011/12/19,2.8763
2011/12/20,2.8775
2011/12/21,2.8983
2011/12/22,2.935
2011/12/23,2.9392
2011/12/26,2.9992
2011/12/27,3.0775
2011/12/28,3.4202
2011/12/29,3.4175
2011/12/30,3.4067
2011/12/31,4.9992
2012/1/4,3.4975
2012/1/5,4
2012/1/6,3.9979
2012/1/9,4
2012/1/10,3.6933
2012/1/11,3.24
2012/1/12,3.475
2012/1/13,4.6363
2012/1/16,5.4725
2012/1/17,7.3667
2012/1/18,8.1667
2012/1/19,6.4975
2012/1/20,3.4775
2012/1/21,3.4692
2012/1/29,3.2992
2012/1/30,2.8578
2012/1/31,2.9675
2012/2/1,2.965
2012/2/2,2.9675
2012/2/3,2.9242
2012/2/6,2.775
2012/2/7,2.7767
2012/2/8,2.7667
2012/2/9,2.6567
2012/2/10,2.6867
2012/2/13,2.6883
2012/2/14,2.9973
2012/2/15,3.0075
2012/2/16,3.5025
2012/2/17,4.4958
2012/2/20,4.7792
2012/2/21,4.8842
2012/2/22,5.0167
2012/2/23,5.2192
2012/2/24,4.6433
2012/2/27,3.0131
2012/2/28,2.6817
2012/2/29,2.5933
2012/3/1,2.5067
2012/3/2,2.5292
2012/3/5,2.4465
2012/3/6,2.3154
2012/3/7,2.3154
2012/3/8,2.3146
2012/3/9,2.3088
2012/3/12,2.3058
2012/3/13,2.3175
2012/3/14,2.3139
2012/3/15,2.3477
2012/3/16,2.3783
2012/3/19,2.395
2012/3/20,2.4992
2012/3/21,2.5478
2012/3/22,2.6983
2012/3/23,2.7125
2012/3/26,2.6842
2012/3/27,2.5483
2012/3/28,2.635
2012/3/29,2.6008
2012/3/30,2.6767
2012/3/31,2.6733
2012/4/1,2.6392
2012/4/5,3.0033
2012/4/6,3.2288
2012/4/9,2.9125
2012/4/10,2.9946
2012/4/11,2.9975
2012/4/12,3.0475
2012/4/13,3.4958
2012/4/16,3.29
2012/4/17,3.0004
2012/4/18,2.9983
2012/4/19,3.1992
2012/4/20,3.4
2012/4/23,3.3267
2012/4/24,3.2163
2012/4/25,3.4658
2012/4/26,3.4358
2012/4/27,3.285
2012/4/28,2.7967
2012/5/2,2.8367
2012/5/3,2.955
2012/5/4,2.9575
2012/5/7,2.9625
2012/5/8,2.4683
2012/5/9,2.395
2012/5/10,2.3667
2012/5/11,2.275
2012/5/14,1.9221
2012/5/15,1.8725
2012/5/16,1.8275
2012/5/17,1.8114
2012/5/18,1.8275
2012/5/21,1.8142
2012/5/22,1.8208
2012/5/23,1.845
2012/5/24,1.8833
2012/5/25,1.9017
2012/5/28,1.9117
2012/5/29,1.9042
2012/5/30,1.9058
2012/5/31,1.8788
2012/6/1,1.895
2012/6/4,1.9183
2012/6/5,1.9983
2012/6/6,2.2017
2012/6/7,2.4008
2012/6/8,2.4033
2012/6/11,2.3196
2012/6/12,2.3867
2012/6/13,2.4938
2012/6/14,2.5483
2012/6/15,2.5592
2012/6/18,2.5388
2012/6/19,2.6908
2012/6/20,3.2775
2012/6/21,3.59
2012/6/25,3.6508
2012/6/26,3.8775
2012/6/27,3.4967
2012/6/28,3.5483
2012/6/29,3.6008
2012/7/2,3.6092
2012/7/3,3.2475
2012/7/4,2.6208
2012/7/5,2.6025
2012/7/6,2.3501
2012/7/9,2.3437
2012/7/10,2.3277
2012/7/11,2.3467
2012/7/12,2.389
2012/7/13,2.4792
2012/7/16,2.4573
2012/7/17,2.6325
2012/7/18,2.9342
2012/7/19,2.9858
2012/7/20,3.1271
2012/7/23,3.3275
2012/7/24,2.9517
2012/7/25,2.6813
2012/7/26,2.66
2012/7/27,2.6
2012/7/30,2.5283
2012/7/31,2.5983
2012/8/1,2.6192
2012/8/2,2.5375
2012/8/3,2.5033
2012/8/6,2.4783
2012/8/7,2.5344
2012/8/8,2.5483
2012/8/9,2.5992
2012/8/10,2.6592
2012/8/13,2.4342
2012/8/14,2.675
2012/8/15,3.1117
2012/8/16,3.0942
2012/8/17,3.175
2012/8/20,3.3525
2012/8/21,3.49
2012/8/22,3.08
2012/8/23,3.055
2012/8/24,2.6983
2012/8/27,2.6975
2012/8/28,2.7001
2012/8/29,2.5992
2012/8/30,2.3838
2012/8/31,2.0657
2012/9/3,2.05
2012/9/4,2.0075
2012/9/5,2.1375
2012/9/6,2.1237
2012/9/7,2.1253
2012/9/10,2.2992
2012/9/11,2.4992
2012/9/12,2.5983
2012/9/13,2.6833
2012/9/14,2.6732
2012/9/17,2.715
2012/9/18,2.9217
2012/9/19,3.5008
2012/9/20,3.9992
2012/9/21,4.2892
2012/9/24,4.3892
2012/9/25,4.5
2012/9/26,2.9975
2012/9/27,2.9992
2012/9/28,2.4758
2012/9/29,3.28
2012/10/8,3.7192
2012/10/9,3.3635
2012/10/10,2.65
2012/10/11,2.4475
2012/10/12,2.4228
2012/10/15,2.0408
2012/10/16,2.2058
2012/10/17,2.2192
2012/10/18,2.1943
2012/10/19,2.1958
2012/10/22,2.2435
2012/10/23,2.3446
2012/10/24,2.7633
2012/10/25,2.7092
2012/10/26,3.315
2012/10/29,4.4292
2012/10/30,3.0585
2012/10/31,2.955
2012/11/1,3.0433
2012/11/2,2.6758
2012/11/5,2.6933
2012/11/6,2.5267
2012/11/7,2.5688
2012/11/8,2.5748
2012/11/9,2.6183
2012/11/12,2.5221
2012/11/13,2.32
2012/11/14,2.2974
2012/11/15,2.2775
2012/11/16,2.2775
2012/11/19,2.154
2012/11/20,2.2422
2012/11/21,2.3042
2012/11/22,2.315
2012/11/23,2.2525
2012/11/26,2.2992
2012/11/27,2.3108
2012/11/28,2.315
2012/11/29,2.3148
2012/11/30,2.2533
2012/12/3,2.258
2012/12/4,2.25
2012/12/5,2.25
2012/12/6,2.2399
2012/12/7,2.2503
2012/12/10,2.249
2012/12/11,2.25
2012/12/12,2.26
2012/12/13,2.2747
2012/12/14,2.2559
2012/12/17,2.256
2012/12/18,2.28
2012/12/19,2.2775
2012/12/20,2.638
2012/12/21,2.42
2012/12/24,2.3
2012/12/25,2.3
2012/12/26,2.303
2012/12/27,2.2925
2012/12/28,2.286
2012/12/31,3.866
2013/1/4,2.557
2013/1/5,2.304
2013/1/6,2.199
2013/1/7,2.1529
2013/1/8,2.145
2013/1/9,2.107
2013/1/10,2.108
2013/1/11,2.104
2013/1/14,2.078
2013/1/15,2.105
2013/1/16,2.071
2013/1/17,2.029
2013/1/18,1.979
2013/1/21,1.958
2013/1/22,1.927
2013/1/23,1.9409
2013/1/24,2.0665
2013/1/25,2.103
2013/1/28,2.1
2013/1/29,2.1
2013/1/30,2.1
2013/1/31,2.31
2013/2/1,2.6745
2013/2/4,2.833
2013/2/5,3.25
2013/2/6,3.596
2013/2/7,3.6463
2013/2/8,2.715
2013/2/16,1.98
2013/2/17,1.899
2013/2/18,1.866
2013/2/19,1.8693
2013/2/20,1.8798
2013/2/21,2.018
2013/2/22,2.2
2013/2/25,2.386
2013/2/26,3.69
2013/2/27,3.932
2013/2/28,4.011
2013/3/1,4.136
2013/3/4,3.2935
2013/3/5,3.018
2013/3/6,2.858
2013/3/7,2.486
2013/3/8,2.468
2013/3/11,2.2315
2013/3/12,2.095
2013/3/13,2.072
2013/3/14,2.057
2013/3/15,2.064
2013/3/18,2.524
2013/3/19,2.248
2013/3/20,2.051
2013/3/21,1.938
2013/3/22,1.807
2013/3/25,1.6841
2013/3/26,1.674
2013/3/27,1.741
2013/3/28,1.75
2013/3/29,2.684
2013/4/1,1.9915
2013/4/2,2.019
2013/4/3,2.093
2013/4/7,2.033
2013/4/8,2.1808
2013/4/9,2.14
2013/4/10,2.1235
2013/4/11,2.0669
2013/4/12,2.0238
2013/4/15,2.0533
2013/4/16,2.017
2013/4/17,2.0138
2013/4/18,2.208
2013/4/19,2.503
2013/4/22,2.637
2013/4/23,2.97
2013/4/24,4.061
2013/4/25,4.291
2013/4/26,3
2013/4/27,3.016
2013/4/28,2.83
2013/5/2,2.8
2013/5/3,3
2013/5/6,2.78
2013/5/7,2.36
2013/5/8,2.11
2013/5/9,2.11
2013/5/10,2.14
2013/5/13,2.1573
2013/5/14,2.24
2013/5/15,2.2445
2013/5/16,2.702
2013/5/17,2.8439
2013/5/20,2.957
2013/5/21,3.36
2013/5/22,3.424
2013/5/23,3.681
2013/5/24,3.504
2013/5/27,3.56
2013/5/28,3.35
2013/5/29,3.05
2013/5/30,3.39
2013/5/31,4.501
2013/6/3,4.599
2013/6/4,4.517
2013/6/5,4.623
2013/6/6,5.982
2013/6/7,8.294
2013/6/8,9.581
2013/6/9,7.49
2013/6/13,6.691
2013/6/14,6.968
2013/6/17,4.813
2013/6/18,5.596
2013/6/19,7.66
2013/6/20,13.444
2013/6/21,8.492
2013/6/24,6.489
2013/6/25,5.736
2013/6/26,5.553
2013/6/27,5.561
2013/6/28,4.941
2013/7/1,4.456
2013/7/2,3.786
2013/7/3,3.4
2013/7/4,3.348
2013/7/5,3.38
2013/7/8,3.256
2013/7/9,3.249
2013/7/10,3.251
2013/7/11,3.3547
2013/7/12,3.3
2013/7/15,3.2998
2013/7/16,3.013
2013/7/17,2.968
2013/7/18,2.998
2013/7/19,3.04
2013/7/22,3.1035
2013/7/23,3.1355
2013/7/24,3.23
2013/7/25,3.3495
2013/7/26,3.55
2013/7/29,3.703
2013/7/30,3.641
2013/7/31,3.699
2013/8/1,3.549
2013/8/2,3.2539
2013/8/5,3.1
2013/8/6,3.1
2013/8/7,3.1005
2013/8/8,3.1641
2013/8/9,2.914
2013/8/12,2.9645
2013/8/13,3.2253
2013/8/14,3.435
2013/8/15,3.283
2013/8/16,3.209
2013/8/19,3.403
2013/8/20,3.854
2013/8/21,3.517
2013/8/22,3.357
2013/8/23,3.265
2013/8/26,3.037
2013/8/27,3.006
2013/8/28,3.098
2013/8/29,2.957
2013/8/30,3.034
2013/9/2,3.0188
2013/9/3,3.0006
2013/9/4,3.005
2013/9/5,2.89
2013/9/6,2.95
2013/9/9,2.92
2013/9/10,2.8955
2013/9/11,3.014
2013/9/12,2.967
2013/9/13,2.979
2013/9/16,3.008
2013/9/17,3.493
2013/9/18,3.557
2013/9/22,3.573
2013/9/23,3.815
2013/9/24,3.6144
2013/9/25,3.347
2013/9/26,3.112
2013/9/27,3.1477
2013/9/29,3.15
2013/9/30,3.126
2013/10/8,3.052
2013/10/9,3.232
2013/10/10,3.328
2013/10/11,3.1
2013/10/12,3.027
2013/10/14,3.113
2013/10/15,3.117
2013/10/16,3.055
2013/10/17,3.038
2013/10/18,3.001
2013/10/21,3.06
2013/10/22,3.052
2013/10/23,3.78
2013/10/24,4.088
2013/10/25,4.367
2013/10/28,4.434
2013/10/29,4.446
2013/10/30,5.23
2013/10/31,4.59
2013/11/1,4.2883
2013/11/4,4.0971
2013/11/5,3.9147
2013/11/6,3.66
2013/11/7,3.73
2013/11/8,3.761
2013/11/11,3.6
2013/11/12,3.329
2013/11/13,3.336
2013/11/14,4.188
2013/11/15,4.454
2013/11/18,4.513
2013/11/19,4.075
2013/11/20,4.057
2013/11/21,3.889
2013/11/22,3.899
2013/11/25,3.847
2013/11/26,3.746
2013/11/27,3.764
2013/11/28,3.746
2013/11/29,3.726
2013/12/2,3.748
2013/12/3,3.725
2013/12/4,3.7235
2013/12/5,3.703
2013/12/6,3.7
2013/12/9,3.62
2013/12/10,3.558
2013/12/11,3.51
2013/12/12,3.46
2013/12/13,3.4321
2013/12/16,3.447
2013/12/17,3.47
2013/12/18,3.588
2013/12/19,3.846
2013/12/20,3.927
2013/12/23,4.515
2013/12/24,4.145
2013/12/25,4.05
2013/12/26,4.001
2013/12/27,3.513
2013/12/30,3.205
2013/12/31,3.148
2014/1/2,3.131
2014/1/3,3.006
2014/1/6,2.92
2014/1/7,2.875
2014/1/8,2.83
2014/1/9,2.794
2014/1/10,2.766
2014/1/13,2.738
2014/1/14,2.7395
2014/1/15,2.7513
2014/1/16,2.7723
2014/1/17,2.817
2014/1/20,3.888
2014/1/21,3.641
2014/1/22,3.676
2014/1/23,3.7
2014/1/24,3.7193
2014/1/26,4.4
2014/1/27,4.534
2014/1/28,4.8477
2014/1/29,4.8
2014/1/30,4.435
2014/2/7,4.27
2014/2/8,4.25
2014/2/10,4.3035
2014/2/11,4.137
2014/2/12,4.075
2014/2/13,3.669
2014/2/14,3.278
2014/2/17,2.951
2014/2/18,2.68
2014/2/19,2.403
2014/2/20,1.981
2014/2/21,1.764
2014/2/24,1.7
2014/2/25,1.72
2014/2/26,1.75
2014/2/27,1.75
2014/2/28,1.8458
2014/3/3,2.085
2014/3/4,2.083
2014/3/5,2.09
2014/3/6,2.0547
2014/3/7,1.9948
2014/3/10,1.919
2014/3/11,1.873
2014/3/12,1.9
2014/3/13,1.96
2014/3/14,1.8765
2014/3/17,1.869
2014/3/18,2.05
2014/3/19,2.8025
2014/3/20,3.011
2014/3/21,2.5
2014/3/24,2.5
2014/3/25,2.5
2014/3/26,2.52
2014/3/27,2.658
2014/3/28,2.75
2014/3/31,2.8
2014/4/1,2.866
2014/4/2,2.95
2014/4/3,2.95
2014/4/4,2.763
2014/4/8,2.713
2014/4/9,2.74
2014/4/10,2.74
2014/4/11,2.75
2014/4/14,2.639
2014/4/15,2.449
2014/4/16,2.298
2014/4/17,2.181
2014/4/18,2
2014/4/21,1.98
2014/4/22,1.9262
2014/4/23,1.963
2014/4/24,2.303
2014/4/25,2.31
2014/4/28,2.406
2014/4/29,2.604
2014/4/30,2.5
2014/5/4,2.4
2014/5/5,2.37
2014/5/6,2.37
2014/5/7,2.37
2014/5/8,2.23
2014/5/9,2.2205
2014/5/12,2.2135
2014/5/13,2.35
2014/5/14,2.3666
2014/5/15,2.35
2014/5/16,2.37
2014/5/19,2.396
2014/5/20,2.427
2014/5/21,2.528
2014/5/22,2.51
2014/5/23,2.53
2014/5/26,2.5025
2014/5/27,2.541
2014/5/28,2.51
2014/5/29,2.51
2014/5/30,2.57
2014/6/3,2.521
2014/6/4,2.561
2014/6/5,2.576
2014/6/6,2.5808
2014/6/9,2.58
2014/6/10,2.57
2014/6/11,2.592
2014/6/12,2.597
2014/6/13,2.6
2014/6/16,2.6
2014/6/17,2.6
2014/6/18,2.639
2014/6/19,2.698
2014/6/20,2.759
2014/6/23,2.755
2014/6/24,2.971
2014/6/25,2.995
2014/6/26,2.974
2014/6/27,2.885
2014/6/30,2.913
2014/7/1,3.017
2014/7/2,3.02
2014/7/3,2.96
2014/7/4,2.94
2014/7/7,2.952
2014/7/8,3.253
2014/7/9,3.351
2014/7/10,3.3
2014/7/11,3.285
2014/7/14,3.255
2014/7/15,3.218
2014/7/16,3.2472
2014/7/17,3.2465
2014/7/18,3.245
2014/7/21,3.318
2014/7/22,3.253
2014/7/23,3.295
2014/7/24,3.313
2014/7/25,3.348
2014/7/28,3.304
2014/7/29,3.2503
2014/7/30,3.2502
2014/7/31,3.204
2014/8/1,3.196
2014/8/4,3.182
2014/8/5,3.145
2014/8/6,3.051
2014/8/7,3.04
2014/8/8,3.001
2014/8/11,2.955
2014/8/12,2.916
2014/8/13,2.892
2014/8/14,2.888
2014/8/15,2.889
2014/8/18,2.858
2014/8/19,2.835
2014/8/20,2.833
2014/8/21,2.848
2014/8/22,2.843
2014/8/25,2.841
2014/8/26,2.823
2014/8/27,2.861
2014/8/28,2.876
2014/8/29,2.908
2014/9/1,2.906
2014/9/2,2.847
2014/9/3,2.824
2014/9/4,2.815
2014/9/5,2.807
2014/9/9,2.816
2014/9/10,2.839
2014/9/11,2.859
2014/9/12,2.853
2014/9/15,2.851
2014/9/16,2.853
2014/9/17,2.847
2014/9/18,2.841
2014/9/19,2.84
2014/9/22,2.797
2014/9/23,2.716
2014/9/24,2.691
2014/9/25,2.677
2014/9/26,2.678
2014/9/28,2.658
2014/9/29,2.543
2014/9/30,2.5325
2014/10/8,2.54
2014/10/9,2.5623
2014/10/10,2.5665
2014/10/11,2.544
2014/10/13,2.536
2014/10/14,2.538
2014/10/15,2.498
2014/10/16,2.474
2014/10/17,2.461
2014/10/20,2.428
2014/10/21,2.415
2014/10/22,2.419
2014/10/23,2.423
2014/10/24,2.4452
2014/10/27,2.4822
2014/10/28,2.491
2014/10/29,2.518
2014/10/30,2.554
2014/10/31,2.559
2014/11/3,2.548
2014/11/4,2.542
2014/11/5,2.542
2014/11/6,2.558
2014/11/7,2.569
2014/11/10,2.539
2014/11/11,2.493
2014/11/12,2.483
2014/11/13,2.473
2014/11/14,2.486
2014/11/17,2.509
2014/11/18,2.503
2014/11/19,2.504
2014/11/20,2.539
2014/11/21,2.586
2014/11/24,2.554
2014/11/25,2.559
2014/11/26,2.573
2014/11/27,2.584
2014/11/28,2.608
2014/12/1,2.646
2014/12/2,2.643
2014/12/3,2.634
2014/12/4,2.632
2014/12/5,2.628
2014/12/8,2.641
2014/12/9,2.64
2014/12/10,2.643
2014/12/11,2.646
2014/12/12,2.651
2014/12/15,2.654
2014/12/16,2.668
2014/12/17,2.766
2014/12/18,3.13
2014/12/19,3.606
2014/12/22,3.702
2014/12/23,3.667
2014/12/24,3.606
2014/12/25,3.549
2014/12/26,3.486
2014/12/29,3.415
2014/12/30,3.38
2014/12/31,3.528
2015/1/4,3.64
2015/1/5,3.421
2015/1/6,3.032
2015/1/7,2.881
2015/1/8,2.83
2015/1/9,2.805
2015/1/12,2.753
2015/1/13,2.667
2015/1/14,2.636
2015/1/15,2.631
2015/1/16,2.633
2015/1/19,2.66
2015/1/20,2.707
2015/1/21,2.788
2015/1/22,2.771
2015/1/23,2.728
2015/1/26,2.688
2015/1/27,2.674
2015/1/28,2.69
2015/1/29,2.765
2015/1/30,2.813
2015/2/2,2.889
2015/2/3,2.9544
2015/2/4,2.973
2015/2/5,2.866
2015/2/6,2.856
2015/2/9,2.812
2015/2/10,2.852
2015/2/11,2.932
2015/2/12,3.058
2015/2/13,3.091
2015/2/15,3.175
2015/2/16,3.182
2015/2/17,3.4
2015/2/25,3.328
2015/2/26,3.298
2015/2/27,3.318
2015/2/28,3.441
2015/3/2,3.453
2015/3/3,3.45
2015/3/4,3.446
2015/3/5,3.433
2015/3/6,3.416
2015/3/9,3.381
2015/3/10,3.35
2015/3/11,3.347
2015/3/12,3.4644
2015/3/13,3.436
2015/3/16,3.403
2015/3/17,3.376
2015/3/18,3.369
2015/3/19,3.332
2015/3/20,3.294
2015/3/23,3.217
2015/3/24,3.218
2015/3/25,3.21
2015/3/26,3.216
2015/3/27,3.206
2015/3/30,3.203
2015/3/31,3.183
2015/4/1,3.087
2015/4/2,2.995
2015/4/3,2.887
2015/4/7,2.766
2015/4/8,2.683
2015/4/9,2.599
2015/4/10,2.489
2015/4/13,2.405
2015/4/14,2.372
2015/4/15,2.307
2015/4/16,2.298
2015/4/17,2.268
2015/4/20,2.087
2015/4/21,2.002
2015/4/22,1.949
2015/4/23,1.908
2015/4/24,1.851
2015/4/27,1.806
2015/4/28,1.759
2015/4/29,1.739
2015/4/30,1.69
2015/5/4,1.619
2015/5/5,1.564
2015/5/6,1.523
2015/5/7,1.489
2015/5/8,1.443
2015/5/11,1.345
2015/5/12,1.29
2015/5/13,1.247
2015/5/14,1.182
2015/5/15,1.078
2015/5/18,1.052
2015/5/19,1.033
2015/5/20,1.032
2015/5/21,1.033
2015/5/22,1.037
2015/5/25,1.039
2015/5/26,1.04
2015/5/27,1.04
2015/5/28,1.043
2015/5/29,1.039
2015/6/1,1.027
2015/6/2,1.034
2015/6/3,1.039
2015/6/4,1.047
2015/6/5,1.051
2015/6/8,1.061
2015/6/9,1.071
2015/6/10,1.083
2015/6/11,1.09
2015/6/12,1.104
2015/6/15,1.121
2015/6/16,1.131
2015/6/17,1.151
2015/6/18,1.202
2015/6/19,1.267
2015/6/23,1.295
2015/6/24,1.338
2015/6/25,1.357
2015/6/26,1.357
2015/6/29,1.34
2015/6/30,1.257
2015/7/1,1.163
2015/7/2,1.1608
2015/7/3,1.159
2015/7/6,1.167
2015/7/7,1.176
2015/7/8,1.187
2015/7/9,1.198
2015/7/10,1.21
2015/7/13,1.224
2015/7/14,1.238
2015/7/15,1.245
2015/7/16,1.263
2015/7/17,1.282
2015/7/20,1.29
2015/7/21,1.304
2015/7/22,1.323
2015/7/23,1.332
2015/7/24,1.337
2015/7/27,1.374
2015/7/28,1.388
2015/7/29,1.427
2015/7/30,1.448
2015/7/31,1.47
2015/8/3,1.488
2015/8/4,1.497
2015/8/5,1.508
2015/8/6,1.517
2015/8/7,1.529
2015/8/10,1.557
2015/8/11,1.586
2015/8/12,1.614
2015/8/13,1.641
2015/8/14,1.667
2015/8/17,1.701
2015/8/18,1.745
2015/8/19,1.788
2015/8/20,1.83
2015/8/21,1.847
2015/8/24,1.866
2015/8/25,1.879
2015/8/26,1.786
2015/8/27,1.759
2015/8/28,1.774
2015/8/31,1.801
2015/9/1,1.821
2015/9/2,2.031
2015/9/6,1.901
2015/9/7,1.904
2015/9/8,1.897
2015/9/9,1.896
2015/9/10,1.899
2015/9/11,1.9001
2015/9/14,1.899
2015/9/15,1.899
2015/9/16,1.9
2015/9/17,1.899
2015/9/18,1.9
2015/9/21,1.901
2015/9/22,1.908
2015/9/23,1.908
2015/9/24,1.909
2015/9/25,1.907
2015/9/28,1.91
2015/9/29,1.907
2015/9/30,1.989
2015/10/8,1.909
2015/10/9,1.906
2015/10/10,1.904
2015/10/12,1.902
2015/10/13,1.9
2015/10/14,1.9
2015/10/15,1.901
2015/10/16,1.899
2015/10/19,1.902
2015/10/20,1.903
2015/10/21,1.905
2015/10/22,1.904
2015/10/23,1.909
2015/10/26,1.84
2015/10/27,1.8
2015/10/28,1.796
2015/10/29,1.798
2015/10/30,1.798
2015/11/2,1.793
2015/11/3,1.792
2015/11/4,1.79
2015/11/5,1.787
2015/11/6,1.787
2015/11/9,1.786
2015/11/10,1.783
2015/11/11,1.782
2015/11/12,1.784
2015/11/13,1.786
2015/11/16,1.784
2015/11/17,1.782
2015/11/18,1.781
2015/11/19,1.785
2015/11/20,1.784
2015/11/23,1.785
2015/11/24,1.785
2015/11/25,1.785
2015/11/26,1.785
2015/11/27,1.786
2015/11/30,1.788
2015/12/1,1.788
2015/12/2,1.786
2015/12/3,1.787
2015/12/4,1.787
2015/12/7,1.784
2015/12/8,1.786
2015/12/9,1.789
2015/12/10,1.789
2015/12/11,1.788
2015/12/14,1.788
2015/12/15,1.788
2015/12/16,1.79
2015/12/17,1.793
2015/12/18,1.816
2015/12/21,1.843
2015/12/22,1.875
2015/12/23,1.903
2015/12/24,1.924
2015/12/25,1.934
2015/12/28,1.939
2015/12/29,1.935
2015/12/30,1.935
2015/12/31,1.991
2016/1/4,1.995
2016/1/5,1.998
2016/1/6,1.98
2016/1/7,1.966
2016/1/8,1.958
2016/1/11,1.951
2016/1/12,1.951
2016/1/13,1.95
2016/1/14,1.95
2016/1/15,1.956
2016/1/18,1.954
2016/1/19,1.959
2016/1/20,1.983
2016/1/21,2.014
2016/1/22,2.028
2016/1/25,2.009
2016/1/26,1.997
2016/1/27,1.995
2016/1/28,1.992
2016/1/29,1.989
2016/2/1,1.987
2016/2/2,1.984
2016/2/3,1.983
2016/2/4,1.983
2016/2/5,1.984
2016/2/6,2.281
2016/2/14,1.978
2016/2/15,1.977
2016/2/16,1.974
2016/2/17,1.968
2016/2/18,1.951
2016/2/19,1.938
2016/2/22,1.934
2016/2/23,1.933
2016/2/24,1.956
2016/2/25,2.004
2016/2/26,2.048
2016/2/29,2.007
2016/3/1,1.968
2016/3/2,1.962
2016/3/3,1.957
2016/3/4,1.95
2016/3/7,1.951
2016/3/8,1.95
2016/3/9,1.95
2016/3/10,1.947
2016/3/11,1.945
2016/3/14,1.949
2016/3/15,1.953
2016/3/16,1.956
2016/3/17,1.97
2016/3/18,1.99
2016/3/21,1.998
2016/3/22,2.007
2016/3/23,2
2016/3/24,1.995
2016/3/25,1.989
2016/3/28,1.992
2016/3/29,1.996
2016/3/30,2.004
2016/3/31,2.017
2016/4/1,2.014
2016/4/5,1.993
2016/4/6,1.983
2016/4/7,1.9783
2016/4/8,1.98
2016/4/11,1.985
2016/4/12,1.993
2016/4/13,1.996
2016/4/14,1.999
2016/4/15,1.995
2016/4/18,1.998
2016/4/19,2.004
2016/4/20,2.018
2016/4/21,2.029
2016/4/22,2.038
2016/4/25,2.045
2016/4/26,2.036
2016/4/27,2.024
2016/4/28,2.021
2016/4/29,2.049
2016/5/3,2.0033
2016/5/4,2
2016/5/5,2.001
2016/5/6,2
2016/5/9,1.999
2016/5/10,1.999
2016/5/11,1.999
2016/5/12,2
2016/5/13,2.002
2016/5/16,2.005
2016/5/17,2.011
2016/5/18,2.011
2016/5/19,2.01
2016/5/20,2.008
2016/5/23,2.004
2016/5/24,2.002
2016/5/25,2.001
2016/5/26,2.001
2016/5/27,2.001
2016/5/30,2.002
2016/5/31,2.01
2016/6/1,2.006
2016/6/2,2.004
2016/6/3,1.999
2016/6/6,1.998
2016/6/7,2
2016/6/8,2
2016/6/12,2
2016/6/13,2
2016/6/14,2
2016/6/15,2
2016/6/16,2.002
2016/6/17,2.005
2016/6/20,2.01
2016/6/21,2.019
2016/6/22,2.027
2016/6/23,2.032
2016/6/24,2.035
2016/6/27,2.038
2016/6/28,2.04
2016/6/29,2.038
2016/6/30,2.037
2016/7/1,2.027
2016/7/4,2.014
2016/7/5,2.007
2016/7/6,1.999
2016/7/7,1.997
2016/7/8,1.996
2016/7/11,1.996
2016/7/12,1.994
2016/7/13,1.993
2016/7/14,1.993
2016/7/15,1.996
2016/7/18,1.996
2016/7/19,2.003
2016/7/20,2.005
2016/7/21,2.008
2016/7/22,2.023
2016/7/25,2.032
2016/7/26,2.037
2016/7/27,2.038
2016/7/28,2.028
2016/7/29,2.017
2016/8/1,2.012
2016/8/2,2.008
2016/8/3,2.004
2016/8/4,2.002
2016/8/5,2.002
2016/8/8,2.005
2016/8/9,2.01
2016/8/10,2.017
2016/8/11,2.021
2016/8/12,2.021
2016/8/15,2.0233
2016/8/16,2.022
2016/8/17,2.022
2016/8/18,2.023
2016/8/19,2.023
2016/8/22,2.0233
2016/8/23,2.033
2016/8/24,2.043
2016/8/25,2.044
2016/8/26,2.044
2016/8/29,2.049
2016/8/30,2.063
2016/8/31,2.065
2016/9/1,2.066
2016/9/2,2.066
2016/9/5,2.07
2016/9/6,2.077
2016/9/7,2.0803
2016/9/8,2.081
2016/9/9,2.085
2016/9/12,2.095
2016/9/13,2.108
2016/9/14,2.128
2016/9/18,2.14
2016/9/19,2.154
2016/9/20,2.159
2016/9/21,2.167
2016/9/22,2.168
2016/9/23,2.1668
2016/9/26,2.164
2016/9/27,2.166
2016/9/28,2.178
2016/9/29,2.188
2016/9/30,2.327
2016/10/8,2.193
2016/10/9,2.175
2016/10/10,2.162
2016/10/11,2.153
2016/10/12,2.15
2016/10/13,2.151
2016/10/14,2.153
2016/10/17,2.159
2016/10/18,2.173
2016/10/19,2.196
2016/10/20,2.208
2016/10/21,2.222
2016/10/24,2.231
2016/10/25,2.238
2016/10/26,2.248
2016/10/27,2.254
2016/10/28,2.254
2016/10/31,2.253
2016/11/1,2.252
2016/11/2,2.2492
2016/11/3,2.245
2016/11/4,2.232
2016/11/7,2.206
2016/11/8,2.187
2016/11/9,2.182
2016/11/10,2.196
2016/11/11,2.211
2016/11/14,2.231
2016/11/15,2.247
2016/11/16,2.257
2016/11/17,2.259
2016/11/18,2.265
2016/11/21,2.271
2016/11/22,2.273
2016/11/23,2.277
2016/11/24,2.282
2016/11/25,2.289
2016/11/28,2.298
2016/11/29,2.302
2016/11/30,2.316
2016/12/1,2.325
2016/12/2,2.32
2016/12/5,2.308
2016/12/6,2.299
2016/12/7,2.292
2016/12/8,2.2908
2016/12/9,2.2925
2016/12/12,2.292
2016/12/13,2.296
2016/12/14,2.3
2016/12/15,2.311
2016/12/16,2.33
2016/12/19,2.335
2016/12/20,2.345
2016/12/21,2.345
2016/12/22,2.341
2016/12/23,2.323
2016/12/26,2.294
2016/12/27,2.264
2016/12/28,2.246
2016/12/29,2.227
2016/12/30,2.23
2017/1/3,2.209
2017/1/4,2.172
2017/1/5,2.13
2017/1/6,2.112
2017/1/9,2.094
2017/1/10,2.096
2017/1/11,2.104
2017/1/12,2.103
2017/1/13,2.104
2017/1/16,2.142
2017/1/17,2.2563
2017/1/18,2.328
2017/1/19,2.364
2017/1/20,2.376
2017/1/22,2.189
2017/1/23,2.175
2017/1/24,2.164
2017/1/25,2.165
2017/1/26,2.5293
2017/2/3,2.218
2017/2/4,2.2571
2017/2/6,2.278
2017/2/7,2.281
2017/2/8,2.2765
2017/2/9,2.272
2017/2/10,2.2678
2017/2/13,2.264
2017/2/14,2.261
2017/2/15,2.2658
2017/2/16,2.333
2017/2/17,2.36
2017/2/20,2.4086
2017/2/21,2.483
2017/2/22,2.4845
2017/2/23,2.5271
2017/2/24,2.4756
2017/2/27,2.4338
2017/2/28,2.493
2017/3/1,2.4943
2017/3/2,2.4611
2017/3/3,2.369
2017/3/6,2.4033
2017/3/7,2.4041
2017/3/8,2.4061
2017/3/9,2.4076
2017/3/10,2.4019
2017/3/13,2.379
2017/3/14,2.3761
2017/3/15,2.3869
2017/3/16,2.441
2017/3/17,2.633
2017/3/20,2.6325
2017/3/21,2.6477
2017/3/22,2.6507
2017/3/23,2.657
2017/3/24,2.604
2017/3/27,2.482
2017/3/28,2.448
2017/3/29,2.521
2017/3/30,2.507
2017/3/31,2.5384
2017/4/1,2.497
2017/4/5,2.4868
2017/4/6,2.537
2017/4/7,2.4957
2017/4/10,2.442
2017/4/11,2.408
2017/4/12,2.3885
2017/4/13,2.413
2017/4/14,2.429
2017/4/17,2.444
2017/4/18,2.486
2017/4/19,2.575
2017/4/20,2.5987
2017/4/21,2.6163
2017/4/24,2.7157
2017/4/25,2.7514
2017/4/26,2.759
2017/4/27,2.792
2017/4/28,2.819
2017/5/2,2.8175
2017/5/3,2.8451
2017/5/4,2.8506
2017/5/5,2.8348
2017/5/8,2.818
2017/5/9,2.8199
2017/5/10,2.827
2017/5/11,2.813
2017/5/12,2.7911
2017/5/15,2.716
2017/5/16,2.746
2017/5/17,2.7525
2017/5/18,2.7641
2017/5/19,2.715
2017/5/22,2.6745
2017/5/23,2.654
2017/5/24,2.623
2017/5/25,2.611
2017/5/26,2.609
2017/5/27,2.601
2017/5/31,2.6365
2017/6/1,2.6525
2017/6/2,2.7953
2017/6/5,2.8167
2017/6/6,2.8419
2017/6/7,2.809
2017/6/8,2.8199
2017/6/9,2.8275
2017/6/12,2.8302
2017/6/13,2.832
2017/6/14,2.825
2017/6/15,2.8317
2017/6/16,2.8528
2017/6/19,2.8635
2017/6/20,2.8776
2017/6/21,2.889
2017/6/22,2.869
2017/6/23,2.81
2017/6/26,2.717
2017/6/27,2.626
2017/6/28,2.5596
2017/6/29,2.539
2017/6/30,2.618
2017/7/3,2.72
2017/7/4,2.6897
2017/7/5,2.583
2017/7/6,2.5473
2017/7/7,2.533
2017/7/10,2.549
2017/7/11,2.621
2017/7/12,2.646
2017/7/13,2.659
2017/7/14,2.627
2017/7/17,2.6329
2017/7/18,2.701
2017/7/19,2.722
2017/7/20,2.7534
2017/7/21,2.733
2017/7/24,2.708
2017/7/25,2.7147
2017/7/26,2.725
2017/7/27,2.786
2017/7/28,2.8152
2017/7/31,2.806
2017/8/1,2.8093
2017/8/2,2.832
2017/8/3,2.807
2017/8/4,2.721
2017/8/7,2.736
2017/8/8,2.784
2017/8/9,2.8018
2017/8/10,2.797
2017/8/11,2.79
2017/8/14,2.7743
2017/8/15,2.798
2017/8/16,2.8213
2017/8/17,2.8352
2017/8/18,2.8355
2017/8/21,2.8482
2017/8/22,2.8171
2017/8/23,2.8453
2017/8/24,2.8479
2017/8/25,2.855
2017/8/28,2.851
2017/8/29,2.922
2017/8/30,2.9237
2017/8/31,2.831
2017/9/1,2.813
2017/9/4,2.75
2017/9/5,2.665
2017/9/6,2.641
2017/9/7,2.6406
2017/9/8,2.636
2017/9/11,2.644
2017/9/12,2.6483
2017/9/13,2.65
2017/9/14,2.681
2017/9/15,2.6958
2017/9/18,2.756
2017/9/19,2.832
2017/9/20,2.79
2017/9/21,2.8057
2017/9/22,2.756
2017/9/25,2.758
2017/9/26,2.837
2017/9/27,2.863
2017/9/28,2.917
2017/9/29,2.804
2017/9/30,2.938
2017/10/9,2.74
2017/10/10,2.738
2017/10/11,2.741
2017/10/12,2.657
2017/10/13,2.605
2017/10/16,2.594
2017/10/17,2.6003
2017/10/18,2.596
2017/10/19,2.592
2017/10/20,2.5782
2017/10/23,2.616
2017/10/24,2.634
2017/10/25,2.664
2017/10/26,2.6937
2017/10/27,2.7181
2017/10/30,2.72
2017/10/31,2.736
2017/11/1,2.739
2017/11/2,2.626
2017/11/3,2.5772
2017/11/6,2.512
2017/11/7,2.552
2017/11/8,2.595
2017/11/9,2.646
2017/11/10,2.717
2017/11/13,2.787
2017/11/14,2.827
2017/11/15,2.806
2017/11/16,2.8
2017/11/17,2.738
2017/11/20,2.786
2017/11/21,2.808
2017/11/22,2.809
2017/11/23,2.803
2017/11/24,2.797
2017/11/27,2.819
2017/11/28,2.799
2017/11/29,2.683
2017/11/30,2.788
2017/12/1,2.642
2017/12/4,2.6
2017/12/5,2.579
2017/12/6,2.573
2017/12/7,2.585
2017/12/8,2.608
2017/12/11,2.688
2017/12/12,2.726
2017/12/13,2.788
2017/12/14,2.803
2017/12/15,2.724
2017/12/18,2.723
2017/12/19,2.741
2017/12/20,2.73
2017/12/21,2.665
2017/12/22,2.612
2017/12/25,2.569
2017/12/26,2.589
2017/12/27,2.666
2017/12/28,2.672
2017/12/29,2.84
2018/1/2,2.657
2018/1/3,2.5635
2018/1/4,2.505
2018/1/5,2.484
2018/1/8,2.461
2018/1/9,2.529
2018/1/10,2.643
2018/1/11,2.832
2018/1/12,2.83
2018/1/15,2.794
2018/1/16,2.785
2018/1/17,2.765
2018/1/18,2.7655
2018/1/19,2.836
2018/1/22,2.771
2018/1/23,2.602
2018/1/24,2.574
2018/1/25,2.5634
2018/1/26,2.5506
2018/1/29,2.566
2018/1/30,2.554
2018/1/31,2.594
2018/2/1,2.5154
2018/2/2,2.5173
2018/2/5,2.5305
2018/2/6,2.539
2018/2/7,2.571
2018/2/8,2.572
2018/2/9,2.589
2018/2/11,2.608
2018/2/12,2.585
2018/2/13,2.587
2018/2/14,2.723
2018/2/22,2.631
2018/2/23,2.597
2018/2/24,2.56
2018/2/26,2.571
2018/2/27,2.561
2018/2/28,2.708
2018/3/1,2.691
2018/3/2,2.773
2018/3/5,2.652
2018/3/6,2.617
2018/3/7,2.592
2018/3/8,2.57
2018/3/9,2.573
2018/3/12,2.586
2018/3/13,2.637
2018/3/14,2.633
2018/3/15,2.632
2018/3/16,2.586
2018/3/19,2.561
2018/3/20,2.558
2018/3/21,2.559
2018/3/22,2.549
2018/3/23,2.545
2018/3/26,2.543
2018/3/27,2.5935
2018/3/28,2.592
2018/3/29,2.581
2018/3/30,2.69
2018/4/2,2.622
2018/4/3,2.574
2018/4/4,2.469
2018/4/8,2.446
2018/4/9,2.528
2018/4/10,2.551
2018/4/11,2.561
2018/4/12,2.557
2018/4/13,2.557
2018/4/16,2.582
2018/4/17,2.665
2018/4/18,2.679
2018/4/19,2.733
2018/4/20,2.747
2018/4/23,2.724
2018/4/24,2.736
2018/4/25,2.728
2018/4/26,2.765
2018/4/27,2.921
2018/4/28,2.824
2018/5/2,2.72
2018/5/3,2.681
2018/5/4,2.594
2018/5/7,2.582
2018/5/8,2.575
2018/5/9,2.52
2018/5/10,2.509
2018/5/11,2.487
2018/5/14,2.58
2018/5/15,2.641
2018/5/16,2.766
2018/5/17,2.597
2018/5/18,2.563
2018/5/21,2.527
2018/5/22,2.525
2018/5/23,2.53
2018/5/24,2.53
2018/5/25,2.528
2018/5/28,2.533
2018/5/29,2.742
2018/5/30,2.884
2018/5/31,2.831
2018/6/1,2.801
2018/6/4,2.599
2018/6/5,2.584
2018/6/6,2.562
2018/6/7,2.555
2018/6/8,2.563
2018/6/11,2.573
2018/6/12,2.584
2018/6/13,2.589
2018/6/14,2.591
2018/6/15,2.592
2018/6/19,2.59
2018/6/20,2.619
2018/6/21,2.593
2018/6/22,2.586
2018/6/25,2.564
2018/6/26,2.518
2018/6/27,2.445
2018/6/28,2.289
2018/6/29,2.628
2018/7/2,2.519
2018/7/3,2.42
2018/7/4,2.199
2018/7/5,2.132
2018/7/6,1.967
2018/7/9,1.991
2018/7/10,2.308
2018/7/11,2.406
2018/7/12,2.487
2018/7/13,2.48
2018/7/16,2.557
2018/7/17,2.591
2018/7/18,2.525
2018/7/19,2.416
2018/7/20,2.346
2018/7/23,2.362
2018/7/24,2.353
2018/7/25,2.349
2018/7/26,2.321
2018/7/27,2.284
2018/7/30,2.198
2018/7/31,2.066
2018/8/1,2.028
2018/8/2,1.97
2018/8/3,1.849
2018/8/6,1.819
2018/8/7,1.613
2018/8/8,1.422
2018/8/9,1.622
2018/8/10,1.826
2018/8/13,2.113
2018/8/14,2.328
2018/8/15,2.345
2018/8/16,2.511
2018/8/17,2.58
2018/8/20,2.625
2018/8/21,2.636
2018/8/22,2.538
2018/8/23,2.454
2018/8/24,2.392
2018/8/27,2.44
2018/8/28,2.4255
2018/8/29,2.3895
2018/8/30,2.277
2018/8/31,2.309
2018/9/3,2.277
2018/9/4,2.195
2018/9/5,2.164
2018/9/6,2.494
2018/9/7,2.591
2018/9/10,2.573
2018/9/11,2.59
2018/9/12,2.557
2018/9/13,2.53
2018/9/14,2.489
2018/9/17,2.466
2018/9/18,2.654
2018/9/19,2.562
2018/9/20,2.519
2018/9/21,2.514
2018/9/25,2.543
2018/9/26,2.553
2018/9/27,2.46
2018/9/28,2.445
2018/9/29,2.073
2018/9/30,2.653
2018/10/8,2.536
2018/10/9,2.502
2018/10/10,2.398
2018/10/11,2.36
2018/10/12,2.439
2018/10/15,2.377
2018/10/16,2.373
2018/10/17,2.353
2018/10/18,2.427
2018/10/19,2.445
2018/10/22,2.475
2018/10/23,2.451
2018/10/24,2.393
2018/10/25,2.215
2018/10/26,2.067
2018/10/29,1.852
2018/10/30,1.566
2018/10/31,2.37
2018/11/1,2.547
2018/11/2,2.477
2018/11/5,2.4345
2018/11/6,2.27
2018/11/7,2.0906
2018/11/8,1.978
2018/11/9,2.038
2018/11/12,2.309
2018/11/13,2.468
2018/11/14,2.325
2018/11/15,2.339
2018/11/16,2.345
2018/11/19,2.551
2018/11/20,2.609
2018/11/21,2.579
2018/11/22,2.456
2018/11/23,2.356
